{
	"credit": "Made with Blockbench",
	"textures": {
		"1": "block/black_concrete",
		"2": "block/anvil",
		"4": "tutorialmod:block/exit",
		"particle": "block/black_concrete"
	},
	"elements": [
		{
			"name": "exit",
			"from": [0.75, 17, -1.75],
			"to": [15.5, 17, 5.25],
			"shade": false,
			"rotation": {"angle": 45, "axis": "x", "origin": [0, 0, 1]},
			"faces": {
				"north": {"uv": [0, 0, 16, 1], "texture": "#2"},
				"east": {"uv": [6.5, 0, 9.5, 1], "texture": "#2", "cullface": "north"},
				"south": {"uv": [0, 0, 16, 1], "texture": "#2"},
				"west": {"uv": [6.5, 0, 9.5, 1], "texture": "#2", "cullface": "south"},
				"up": {"uv": [6.5, 0, 9.5, 16], "rotation": 90, "texture": "#2"},
				"down": {"uv": [0.24044, 0.85246, 14.99454, 15.97814], "rotation": 180, "texture": "#4"}
			}
		},
		{
			"from": [15.25, 16, -3],
			"to": [15.75, 17, 6],
			"rotation": {"angle": 45, "axis": "x", "origin": [0, 0, 1]},
			"faces": {
				"north": {"uv": [0, 0, 0.5, 1], "texture": "#2"},
				"east": {"uv": [0, 0, 16, 2], "texture": "#2"},
				"south": {"uv": [0, 0, 0.5, 1], "texture": "#2"},
				"west": {"uv": [0, 0, 9, 1], "texture": "#2"},
				"up": {"uv": [0, 0, 0.5, 9], "texture": "#2"},
				"down": {"uv": [0, 0, 0.5, 9], "texture": "#2"}
			}
		},
		{
			"from": [0, 14, 9],
			"to": [16, 15, 16],
			"rotation": {"angle": 0, "axis": "y", "origin": [0, 0, 1]},
			"faces": {
				"north": {"uv": [0, 0, 16, 1], "texture": "#1"},
				"east": {"uv": [0, 0, 7, 1], "texture": "#1"},
				"south": {"uv": [0, 0, 16, 1], "texture": "#1"},
				"west": {"uv": [0, 0, 7, 1], "texture": "#1"},
				"up": {"uv": [0, 0, 16, 7], "texture": "#1"},
				"down": {"uv": [0, 0, 16, 7], "texture": "#2"}
			}
		},
		{
			"from": [0.75, 16, 5],
			"to": [15.25, 17, 6],
			"rotation": {"angle": 45, "axis": "x", "origin": [0, 0, 1]},
			"faces": {
				"north": {"uv": [0, 0, 14.5, 1], "texture": "#2"},
				"east": {"uv": [0, 0, 1, 1], "texture": "#2"},
				"south": {"uv": [0, 0, 14.5, 1], "texture": "#2"},
				"west": {"uv": [0, 0, 1, 1], "texture": "#2"},
				"up": {"uv": [0, 0, 14.5, 1], "texture": "#2"},
				"down": {"uv": [0, 0, 14.5, 1], "texture": "#2"}
			}
		},
		{
			"from": [15.25, 17, -2],
			"to": [15.75, 18, 6],
			"rotation": {"angle": 45, "axis": "x", "origin": [0, 0, 1]},
			"faces": {
				"north": {"uv": [0, 0, 0.5, 1], "texture": "#2"},
				"east": {"uv": [0, 3, 16, 5], "texture": "#2"},
				"south": {"uv": [0, 0, 0.5, 1], "texture": "#2"},
				"west": {"uv": [0, 0, 8, 1], "texture": "#2"},
				"up": {"uv": [0, 0, 0.5, 8], "texture": "#2"},
				"down": {"uv": [0, 0, 0.5, 8], "texture": "#2"}
			}
		},
		{
			"from": [15.25, 18, -1],
			"to": [15.75, 19, 6],
			"rotation": {"angle": 45, "axis": "x", "origin": [0, 0, 1]},
			"faces": {
				"north": {"uv": [0, 0, 0.5, 1], "texture": "#2"},
				"east": {"uv": [0, 6, 16, 8], "texture": "#2"},
				"south": {"uv": [0, 0, 0.5, 1], "texture": "#2"},
				"west": {"uv": [0, 0, 7, 1], "texture": "#2"},
				"up": {"uv": [0, 0, 0.5, 7], "texture": "#2"},
				"down": {"uv": [0, 0, 0.5, 7], "texture": "#2"}
			}
		},
		{
			"from": [15.25, 19, 0],
			"to": [15.75, 20, 6],
			"rotation": {"angle": 45, "axis": "x", "origin": [0, 0, 1]},
			"faces": {
				"north": {"uv": [0, 0, 0.5, 1], "texture": "#2"},
				"east": {"uv": [0, 9, 16, 11], "texture": "#2"},
				"south": {"uv": [0, 0, 0.5, 1], "texture": "#2"},
				"west": {"uv": [0, 0, 6, 1], "texture": "#2"},
				"up": {"uv": [0, 0, 0.5, 6], "texture": "#2"},
				"down": {"uv": [0, 0, 0.5, 6], "texture": "#2"}
			}
		},
		{
			"from": [15.25, 20, 1],
			"to": [15.75, 21, 6],
			"rotation": {"angle": 45, "axis": "x", "origin": [0, 0, 1]},
			"faces": {
				"north": {"uv": [0, 0, 0.5, 1], "texture": "#2"},
				"east": {"uv": [0, 14, 16, 16], "texture": "#2"},
				"south": {"uv": [0, 0, 0.5, 1], "texture": "#2"},
				"west": {"uv": [0, 0, 5, 1], "texture": "#2"},
				"up": {"uv": [0, 0, 0.5, 5], "texture": "#2"},
				"down": {"uv": [0, 0, 0.5, 5], "texture": "#2"}
			}
		},
		{
			"from": [0.25, 20, 1],
			"to": [0.75, 21, 6],
			"rotation": {"angle": 45, "axis": "x", "origin": [0, 0, 1]},
			"faces": {
				"north": {"uv": [0, 0, 0.5, 1], "texture": "#2"},
				"east": {"uv": [0, 0, 5, 1], "texture": "#2"},
				"south": {"uv": [0, 0, 0.5, 1], "texture": "#2"},
				"west": {"uv": [0, 9, 16, 11], "texture": "#2"},
				"up": {"uv": [0, 0, 0.5, 5], "texture": "#2"},
				"down": {"uv": [0, 0, 0.5, 5], "texture": "#2"}
			}
		},
		{
			"from": [0.25, 19, 0],
			"to": [0.75, 20, 6],
			"rotation": {"angle": 45, "axis": "x", "origin": [0, 0, 1]},
			"faces": {
				"north": {"uv": [0, 0, 0.5, 1], "texture": "#2"},
				"east": {"uv": [0, 0, 6, 1], "texture": "#2"},
				"south": {"uv": [0, 0, 0.5, 1], "texture": "#2"},
				"west": {"uv": [0, 6, 16, 8], "texture": "#2"},
				"up": {"uv": [0, 0, 0.5, 6], "texture": "#2"},
				"down": {"uv": [0, 0, 0.5, 6], "texture": "#2"}
			}
		},
		{
			"from": [0.25, 18, -1],
			"to": [0.75, 19, 6],
			"rotation": {"angle": 45, "axis": "x", "origin": [0, 0, 1]},
			"faces": {
				"north": {"uv": [0, 0, 0.5, 1], "texture": "#2"},
				"east": {"uv": [0, 0, 7, 1], "texture": "#2"},
				"south": {"uv": [0, 0, 0.5, 1], "texture": "#2"},
				"west": {"uv": [0, 4, 16, 6], "texture": "#2"},
				"up": {"uv": [0, 0, 0.5, 7], "texture": "#2"},
				"down": {"uv": [0, 0, 0.5, 7], "texture": "#2"}
			}
		},
		{
			"from": [0.25, 17, -2],
			"to": [0.75, 18, 6],
			"rotation": {"angle": 45, "axis": "x", "origin": [0, 0, 1]},
			"faces": {
				"north": {"uv": [0, 0, 0.5, 1], "texture": "#2"},
				"east": {"uv": [0, 0, 8, 1], "texture": "#2"},
				"south": {"uv": [0, 0, 0.5, 1], "texture": "#2"},
				"west": {"uv": [0, 2, 16, 4], "texture": "#2"},
				"up": {"uv": [0, 0, 0.5, 8], "texture": "#2"},
				"down": {"uv": [0, 0, 0.5, 8], "texture": "#2"}
			}
		},
		{
			"from": [0.25, 16, -3],
			"to": [0.75, 17, 6],
			"rotation": {"angle": 45, "axis": "x", "origin": [0, 0, 1]},
			"faces": {
				"north": {"uv": [0, 0, 0.5, 1], "texture": "#2"},
				"east": {"uv": [0, 0, 9, 1], "texture": "#2"},
				"south": {"uv": [0, 0, 0.5, 1], "texture": "#2"},
				"west": {"uv": [0, 0, 16, 2], "texture": "#2"},
				"up": {"uv": [0, 0, 0.5, 9], "texture": "#2"},
				"down": {"uv": [0, 0, 0.5, 9], "texture": "#2"}
			}
		},
		{
			"from": [15.25, 20, 1],
			"to": [15.75, 21, 6],
			"rotation": {"angle": 45, "axis": "x", "origin": [0, 0, 1]},
			"faces": {
				"north": {"uv": [0, 0, 0.5, 1], "texture": "#2"},
				"east": {"uv": [0, 0, 5, 1], "texture": "#2"},
				"south": {"uv": [0, 0, 0.5, 1], "texture": "#2"},
				"west": {"uv": [0, 0, 5, 1], "texture": "#2"},
				"up": {"uv": [0, 0, 0.5, 5], "texture": "#2"},
				"down": {"uv": [0, 0, 0.5, 5], "texture": "#2"}
			}
		},
		{
			"from": [15.25, 19, 0],
			"to": [15.75, 20, 6],
			"rotation": {"angle": 45, "axis": "x", "origin": [0, 0, 1]},
			"faces": {
				"north": {"uv": [0, 0, 0.5, 1], "texture": "#2"},
				"east": {"uv": [0, 0, 6, 1], "texture": "#2"},
				"south": {"uv": [0, 0, 0.5, 1], "texture": "#2"},
				"west": {"uv": [0, 0, 6, 1], "texture": "#2"},
				"up": {"uv": [0, 0, 0.5, 6], "texture": "#2"},
				"down": {"uv": [0, 0, 0.5, 6], "texture": "#2"}
			}
		},
		{
			"from": [15.25, 18, -1],
			"to": [15.75, 19, 6],
			"rotation": {"angle": 45, "axis": "x", "origin": [0, 0, 1]},
			"faces": {
				"north": {"uv": [0, 0, 0.5, 1], "texture": "#2"},
				"east": {"uv": [0, 0, 7, 1], "texture": "#2"},
				"south": {"uv": [0, 0, 0.5, 1], "texture": "#2"},
				"west": {"uv": [0, 0, 7, 1], "texture": "#2"},
				"up": {"uv": [0, 0, 0.5, 7], "texture": "#2"},
				"down": {"uv": [0, 0, 0.5, 7], "texture": "#2"}
			}
		},
		{
			"from": [15.25, 17, -2],
			"to": [15.75, 18, 6],
			"rotation": {"angle": 45, "axis": "x", "origin": [0, 0, 1]},
			"faces": {
				"north": {"uv": [0, 0, 0.5, 1], "texture": "#2"},
				"east": {"uv": [0, 0, 8, 1], "texture": "#2"},
				"south": {"uv": [0, 0, 0.5, 1], "texture": "#2"},
				"west": {"uv": [0, 0, 8, 1], "texture": "#2"},
				"up": {"uv": [0, 0, 0.5, 8], "texture": "#2"},
				"down": {"uv": [0, 0, 0.5, 8], "texture": "#2"}
			}
		},
		{
			"from": [0.75, 16, -3],
			"to": [15.25, 17, -2],
			"rotation": {"angle": 45, "axis": "x", "origin": [0, 0, 1]},
			"faces": {
				"north": {"uv": [0, 0, 14.5, 1], "texture": "#2"},
				"east": {"uv": [0, 0, 1, 1], "texture": "#2"},
				"south": {"uv": [0, 0, 14.5, 1], "texture": "#2"},
				"west": {"uv": [0, 0, 1, 1], "texture": "#2"},
				"up": {"uv": [0, 0, 14.5, 1], "texture": "#2"},
				"down": {"uv": [0, 0, 14.5, 1], "texture": "#2"}
			}
		}
	],
	"display": {
		"gui": {
			"rotation": [-47, -149, -30],
			"translation": [4.5, 0, -1],
			"scale": [0.85, 0.85, 0.85]
		}
	}
}