{
	"credit": "Made with Blockbench",
	"textures": {
		"0": "tutorialmod:block/tube_platforms/platform_edge",
		"1": "tutorialmod:block/tube_platforms/dont_pass_the_yellow_line",
		"2": "tutorialmod:block/tube_platforms/platform",
		"3": "tutorialmod:block/tube_platforms/tactile_pavement",
		"4": "block/polished_blackstone",
		"particle": "tutorialmod:block/tube_platforms/platform_edge"
	},
	"elements": [
		{
			"from": [0, 13.25, 0],
			"to": [16, 16.25, 2],
			"faces": {
				"north": {"uv": [0, 8, 16, 11], "texture": "#0"},
				"east": {"uv": [14, 0, 16, 2.75], "texture": "#0"},
				"south": {"uv": [0, 0, 16, 2.75], "texture": "#0"},
				"west": {"uv": [0, 0, 2, 2.75], "texture": "#0"},
				"up": {"uv": [0, 13, 16, 15], "texture": "#0"},
				"down": {"uv": [0, 14, 16, 16], "texture": "#0"}
			}
		},
		{
			"from": [0, 13.25, 2],
			"to": [16, 15.25, 16],
			"faces": {
				"north": {"uv": [0, 0.75, 16, 2.75], "texture": "#2"},
				"east": {"uv": [0, 0.75, 14, 2.75], "texture": "#2"},
				"south": {"uv": [0, 0.75, 16, 2.75], "texture": "#2"},
				"west": {"uv": [2, 0.75, 16, 2.75], "texture": "#2"},
				"up": {"uv": [0, 2, 16, 16], "texture": "#2"},
				"down": {"uv": [0, 0, 16, 14], "texture": "#2"}
			}
		},
		{
			"from": [0, 0, 5.75],
			"to": [16, 13.25, 16],
			"faces": {
				"north": {"uv": [0, 2.75, 16, 16], "texture": "#4"},
				"east": {"uv": [0, 2.75, 10.5, 16], "texture": "#2"},
				"south": {"uv": [0, 2.75, 16, 16], "texture": "#2"},
				"west": {"uv": [5.5, 2.75, 16, 16], "texture": "#2"},
				"up": {"uv": [0, 5.5, 16, 16], "texture": "#4"},
				"down": {"uv": [0, 0, 16, 10.5], "texture": "#2"}
			}
		},
		{
			"from": [0, 0, 5.5],
			"to": [16, 13.25, 5.75],
			"faces": {
				"north": {"uv": [0, 2.75, 16, 16], "texture": "#4"},
				"east": {"uv": [10.25, 2.75, 10.5, 16], "texture": "#4"},
				"south": {"uv": [0, 2.75, 16, 16], "texture": "#4"},
				"west": {"uv": [5.5, 2.75, 5.75, 16], "texture": "#4"},
				"up": {"uv": [0, 5.5, 16, 16], "texture": "#4"},
				"down": {"uv": [0, 10.25, 16, 10.5], "texture": "#4"}
			}
		},
		{
			"from": [0, 16, 4.25],
			"to": [16, 16.25, 4.5],
			"faces": {
				"north": {"uv": [0, 4.75, 16, 5], "texture": "#2"},
				"east": {"uv": [11.5, 4.75, 11.75, 5], "texture": "#2"},
				"south": {"uv": [0, 4.75, 16, 5], "texture": "#2"},
				"west": {"uv": [4.25, 4.75, 4.5, 5], "texture": "#2"},
				"up": {"uv": [0, 4.25, 16, 4.5], "texture": "#2"},
				"down": {"uv": [0, 11.5, 16, 11.75], "texture": "#2"}
			}
		},
		{
			"from": [0, 15.25, 5.5],
			"to": [16, 16.25, 8],
			"faces": {
				"north": {"uv": [0, 0, 16, 0.75], "texture": "#1"},
				"east": {"uv": [8, 0, 10.5, 0.75], "texture": "#1"},
				"south": {"uv": [0, 0, 16, 0.75], "texture": "#1"},
				"west": {"uv": [5.5, 0, 8, 0.75], "texture": "#1"},
				"up": {"uv": [0, 0, 16, 2.5], "texture": "#1"},
				"down": {"uv": [0, 8, 16, 10.5], "texture": "#1"}
			}
		},
		{
			"from": [0, 16, 11.75],
			"to": [16, 16.25, 17],
			"faces": {
				"north": {"uv": [0, 0, 16, 0.75], "texture": "#3"},
				"east": {"uv": [0, 0, 4.25, 0.75], "texture": "#3"},
				"south": {"uv": [0, 0, 16, 0.75], "texture": "#3"},
				"west": {"uv": [11.75, 0, 16, 0.75], "texture": "#3"},
				"up": {"uv": [0, 9, 16, 13.25], "texture": "#3"},
				"down": {"uv": [0, 0, 16, 4.25], "texture": "#3"}
			}
		},
		{
			"from": [14.4, 15.5, 12],
			"to": [15.25, 16.4, 12.85],
			"faces": {
				"north": {"uv": [0.75, 0, 1.6, 0.5], "texture": "#3"},
				"east": {"uv": [3.15, 0, 4, 0.5], "texture": "#3"},
				"south": {"uv": [14.4, 0, 15.25, 0.5], "texture": "#3"},
				"west": {"uv": [12, 0, 12.85, 0.5], "texture": "#3"},
				"up": {"uv": [14.4, 12, 15.25, 12.85], "texture": "#3"},
				"down": {"uv": [14.4, 3.15, 15.25, 4], "texture": "#3"}
			}
		},
		{
			"from": [12.4, 15.5, 12],
			"to": [13.25, 16.4, 12.85],
			"faces": {
				"north": {"uv": [2.75, 0, 3.6, 0.5], "texture": "#3"},
				"east": {"uv": [3.15, 0, 4, 0.5], "texture": "#3"},
				"south": {"uv": [12.4, 0, 13.25, 0.5], "texture": "#3"},
				"west": {"uv": [12, 0, 12.85, 0.5], "texture": "#3"},
				"up": {"uv": [12.4, 12, 13.25, 12.85], "texture": "#3"},
				"down": {"uv": [12.4, 3.15, 13.25, 4], "texture": "#3"}
			}
		},
		{
			"from": [8.4, 15.5, 12],
			"to": [9.25, 16.4, 12.85],
			"faces": {
				"north": {"uv": [6.75, 0, 7.6, 0.5], "texture": "#3"},
				"east": {"uv": [3.15, 0, 4, 0.5], "texture": "#3"},
				"south": {"uv": [8.4, 0, 9.25, 0.5], "texture": "#3"},
				"west": {"uv": [12, 0, 12.85, 0.5], "texture": "#3"},
				"up": {"uv": [8.4, 12, 9.25, 12.85], "texture": "#3"},
				"down": {"uv": [8.4, 3.15, 9.25, 4], "texture": "#3"}
			}
		},
		{
			"from": [10.4, 15.5, 12],
			"to": [11.25, 16.4, 12.85],
			"faces": {
				"north": {"uv": [4.75, 0, 5.6, 0.5], "texture": "#3"},
				"east": {"uv": [3.15, 0, 4, 0.5], "texture": "#3"},
				"south": {"uv": [10.4, 0, 11.25, 0.5], "texture": "#3"},
				"west": {"uv": [12, 0, 12.85, 0.5], "texture": "#3"},
				"up": {"uv": [10.4, 12, 11.25, 12.85], "texture": "#3"},
				"down": {"uv": [10.4, 3.15, 11.25, 4], "texture": "#3"}
			}
		},
		{
			"from": [0.4, 15.5, 12],
			"to": [1.25, 16.4, 12.85],
			"faces": {
				"north": {"uv": [14.75, 0, 15.6, 0.5], "texture": "#3"},
				"east": {"uv": [3.15, 0, 4, 0.5], "texture": "#3"},
				"south": {"uv": [0.4, 0, 1.25, 0.5], "texture": "#3"},
				"west": {"uv": [12, 0, 12.85, 0.5], "texture": "#3"},
				"up": {"uv": [0.4, 12, 1.25, 12.85], "texture": "#3"},
				"down": {"uv": [0.4, 3.15, 1.25, 4], "texture": "#3"}
			}
		},
		{
			"from": [2.4, 15.5, 12],
			"to": [3.25, 16.4, 12.85],
			"faces": {
				"north": {"uv": [12.75, 0, 13.6, 0.5], "texture": "#3"},
				"east": {"uv": [3.15, 0, 4, 0.5], "texture": "#3"},
				"south": {"uv": [2.4, 0, 3.25, 0.5], "texture": "#3"},
				"west": {"uv": [12, 0, 12.85, 0.5], "texture": "#3"},
				"up": {"uv": [2.4, 12, 3.25, 12.85], "texture": "#3"},
				"down": {"uv": [2.4, 3.15, 3.25, 4], "texture": "#3"}
			}
		},
		{
			"from": [4.4, 15.5, 12],
			"to": [5.25, 16.4, 12.85],
			"faces": {
				"north": {"uv": [10.75, 0, 11.6, 0.5], "texture": "#3"},
				"east": {"uv": [3.15, 0, 4, 0.5], "texture": "#3"},
				"south": {"uv": [4.4, 0, 5.25, 0.5], "texture": "#3"},
				"west": {"uv": [12, 0, 12.85, 0.5], "texture": "#3"},
				"up": {"uv": [4.4, 12, 5.25, 12.85], "texture": "#3"},
				"down": {"uv": [4.4, 3.15, 5.25, 4], "texture": "#3"}
			}
		},
		{
			"from": [6.4, 15.5, 12],
			"to": [7.25, 16.4, 12.85],
			"faces": {
				"north": {"uv": [8.75, 0, 9.6, 0.5], "texture": "#3"},
				"east": {"uv": [3.15, 0, 4, 0.5], "texture": "#3"},
				"south": {"uv": [6.4, 0, 7.25, 0.5], "texture": "#3"},
				"west": {"uv": [12, 0, 12.85, 0.5], "texture": "#3"},
				"up": {"uv": [6.4, 12, 7.25, 12.85], "texture": "#3"},
				"down": {"uv": [6.4, 3.15, 7.25, 4], "texture": "#3"}
			}
		},
		{
			"from": [14.9, 15.5, 13.25],
			"to": [15.75, 16.4, 14.1],
			"faces": {
				"north": {"uv": [0.25, 0, 1.1, 0.5], "texture": "#3"},
				"east": {"uv": [1.9, 0, 2.75, 0.5], "texture": "#3"},
				"south": {"uv": [14.9, 0, 15.75, 0.5], "texture": "#3"},
				"west": {"uv": [13.25, 0, 14.1, 0.5], "texture": "#3"},
				"up": {"uv": [14.9, 13.25, 15.75, 14.1], "texture": "#3"},
				"down": {"uv": [14.9, 1.9, 15.75, 2.75], "texture": "#3"}
			}
		},
		{
			"from": [12.9, 15.5, 13.25],
			"to": [13.75, 16.4, 14.1],
			"faces": {
				"north": {"uv": [2.25, 0, 3.1, 0.5], "texture": "#3"},
				"east": {"uv": [1.9, 0, 2.75, 0.5], "texture": "#3"},
				"south": {"uv": [12.9, 0, 13.75, 0.5], "texture": "#3"},
				"west": {"uv": [13.25, 0, 14.1, 0.5], "texture": "#3"},
				"up": {"uv": [12.9, 13.25, 13.75, 14.1], "texture": "#3"},
				"down": {"uv": [12.9, 1.9, 13.75, 2.75], "texture": "#3"}
			}
		},
		{
			"from": [10.9, 15.5, 13.25],
			"to": [11.75, 16.4, 14.1],
			"faces": {
				"north": {"uv": [4.25, 0, 5.1, 0.5], "texture": "#3"},
				"east": {"uv": [1.9, 0, 2.75, 0.5], "texture": "#3"},
				"south": {"uv": [10.9, 0, 11.75, 0.5], "texture": "#3"},
				"west": {"uv": [13.25, 0, 14.1, 0.5], "texture": "#3"},
				"up": {"uv": [10.9, 13.25, 11.75, 14.1], "texture": "#3"},
				"down": {"uv": [10.9, 1.9, 11.75, 2.75], "texture": "#3"}
			}
		},
		{
			"from": [8.9, 15.5, 13.25],
			"to": [9.75, 16.4, 14.1],
			"faces": {
				"north": {"uv": [6.25, 0, 7.1, 0.5], "texture": "#3"},
				"east": {"uv": [1.9, 0, 2.75, 0.5], "texture": "#3"},
				"south": {"uv": [8.9, 0, 9.75, 0.5], "texture": "#3"},
				"west": {"uv": [13.25, 0, 14.1, 0.5], "texture": "#3"},
				"up": {"uv": [8.9, 13.25, 9.75, 14.1], "texture": "#3"},
				"down": {"uv": [8.9, 1.9, 9.75, 2.75], "texture": "#3"}
			}
		},
		{
			"from": [6.9, 15.5, 13.25],
			"to": [7.75, 16.4, 14.1],
			"faces": {
				"north": {"uv": [8.25, 0, 9.1, 0.5], "texture": "#3"},
				"east": {"uv": [1.9, 0, 2.75, 0.5], "texture": "#3"},
				"south": {"uv": [6.9, 0, 7.75, 0.5], "texture": "#3"},
				"west": {"uv": [13.25, 0, 14.1, 0.5], "texture": "#3"},
				"up": {"uv": [6.9, 13.25, 7.75, 14.1], "texture": "#3"},
				"down": {"uv": [6.9, 1.9, 7.75, 2.75], "texture": "#3"}
			}
		},
		{
			"from": [4.9, 15.5, 13.25],
			"to": [5.75, 16.4, 14.1],
			"faces": {
				"north": {"uv": [10.25, 0, 11.1, 0.5], "texture": "#3"},
				"east": {"uv": [1.9, 0, 2.75, 0.5], "texture": "#3"},
				"south": {"uv": [4.9, 0, 5.75, 0.5], "texture": "#3"},
				"west": {"uv": [13.25, 0, 14.1, 0.5], "texture": "#3"},
				"up": {"uv": [4.9, 13.25, 5.75, 14.1], "texture": "#3"},
				"down": {"uv": [4.9, 1.9, 5.75, 2.75], "texture": "#3"}
			}
		},
		{
			"from": [2.9, 15.5, 13.25],
			"to": [3.75, 16.4, 14.1],
			"faces": {
				"north": {"uv": [12.25, 0, 13.1, 0.5], "texture": "#3"},
				"east": {"uv": [1.9, 0, 2.75, 0.5], "texture": "#3"},
				"south": {"uv": [2.9, 0, 3.75, 0.5], "texture": "#3"},
				"west": {"uv": [13.25, 0, 14.1, 0.5], "texture": "#3"},
				"up": {"uv": [2.9, 13.25, 3.75, 14.1], "texture": "#3"},
				"down": {"uv": [2.9, 1.9, 3.75, 2.75], "texture": "#3"}
			}
		},
		{
			"from": [0.9, 15.5, 13.25],
			"to": [1.75, 16.4, 14.1],
			"faces": {
				"north": {"uv": [14.25, 0, 15.1, 0.5], "texture": "#3"},
				"east": {"uv": [1.9, 0, 2.75, 0.5], "texture": "#3"},
				"south": {"uv": [0.9, 0, 1.75, 0.5], "texture": "#3"},
				"west": {"uv": [13.25, 0, 14.1, 0.5], "texture": "#3"},
				"up": {"uv": [0.9, 13.25, 1.75, 14.1], "texture": "#3"},
				"down": {"uv": [0.9, 1.9, 1.75, 2.75], "texture": "#3"}
			}
		},
		{
			"from": [14.4, 15.5, 14.5],
			"to": [15.25, 16.4, 15.35],
			"faces": {
				"north": {"uv": [0.75, 0, 1.6, 0.5], "texture": "#3"},
				"east": {"uv": [0.65, 0, 1.5, 0.5], "texture": "#3"},
				"south": {"uv": [14.4, 0, 15.25, 0.5], "texture": "#3"},
				"west": {"uv": [14.5, 0, 15.35, 0.5], "texture": "#3"},
				"up": {"uv": [14.4, 14.5, 15.25, 15.35], "texture": "#3"},
				"down": {"uv": [14.4, 0.65, 15.25, 1.5], "texture": "#3"}
			}
		},
		{
			"from": [12.4, 15.5, 14.5],
			"to": [13.25, 16.4, 15.35],
			"faces": {
				"north": {"uv": [2.75, 0, 3.6, 0.5], "texture": "#3"},
				"east": {"uv": [0.65, 0, 1.5, 0.5], "texture": "#3"},
				"south": {"uv": [12.4, 0, 13.25, 0.5], "texture": "#3"},
				"west": {"uv": [14.5, 0, 15.35, 0.5], "texture": "#3"},
				"up": {"uv": [12.4, 14.5, 13.25, 15.35], "texture": "#3"},
				"down": {"uv": [12.4, 0.65, 13.25, 1.5], "texture": "#3"}
			}
		},
		{
			"from": [10.4, 15.5, 14.5],
			"to": [11.25, 16.4, 15.35],
			"faces": {
				"north": {"uv": [4.75, 0, 5.6, 0.5], "texture": "#3"},
				"east": {"uv": [0.65, 0, 1.5, 0.5], "texture": "#3"},
				"south": {"uv": [10.4, 0, 11.25, 0.5], "texture": "#3"},
				"west": {"uv": [14.5, 0, 15.35, 0.5], "texture": "#3"},
				"up": {"uv": [10.4, 14.5, 11.25, 15.35], "texture": "#3"},
				"down": {"uv": [10.4, 0.65, 11.25, 1.5], "texture": "#3"}
			}
		},
		{
			"from": [8.4, 15.5, 14.5],
			"to": [9.25, 16.4, 15.35],
			"faces": {
				"north": {"uv": [6.75, 0, 7.6, 0.5], "texture": "#3"},
				"east": {"uv": [0.65, 0, 1.5, 0.5], "texture": "#3"},
				"south": {"uv": [8.4, 0, 9.25, 0.5], "texture": "#3"},
				"west": {"uv": [14.5, 0, 15.35, 0.5], "texture": "#3"},
				"up": {"uv": [8.4, 14.5, 9.25, 15.35], "texture": "#3"},
				"down": {"uv": [8.4, 0.65, 9.25, 1.5], "texture": "#3"}
			}
		},
		{
			"from": [6.4, 15.5, 14.5],
			"to": [7.25, 16.4, 15.35],
			"faces": {
				"north": {"uv": [8.75, 0, 9.6, 0.5], "texture": "#3"},
				"east": {"uv": [0.65, 0, 1.5, 0.5], "texture": "#3"},
				"south": {"uv": [6.4, 0, 7.25, 0.5], "texture": "#3"},
				"west": {"uv": [14.5, 0, 15.35, 0.5], "texture": "#3"},
				"up": {"uv": [6.4, 14.5, 7.25, 15.35], "texture": "#3"},
				"down": {"uv": [6.4, 0.65, 7.25, 1.5], "texture": "#3"}
			}
		},
		{
			"from": [4.4, 15.5, 14.5],
			"to": [5.25, 16.4, 15.35],
			"faces": {
				"north": {"uv": [10.75, 0, 11.6, 0.5], "texture": "#3"},
				"east": {"uv": [0.65, 0, 1.5, 0.5], "texture": "#3"},
				"south": {"uv": [4.4, 0, 5.25, 0.5], "texture": "#3"},
				"west": {"uv": [14.5, 0, 15.35, 0.5], "texture": "#3"},
				"up": {"uv": [4.4, 14.5, 5.25, 15.35], "texture": "#3"},
				"down": {"uv": [4.4, 0.65, 5.25, 1.5], "texture": "#3"}
			}
		},
		{
			"from": [2.4, 15.5, 14.5],
			"to": [3.25, 16.4, 15.35],
			"faces": {
				"north": {"uv": [12.75, 0, 13.6, 0.5], "texture": "#3"},
				"east": {"uv": [0.65, 0, 1.5, 0.5], "texture": "#3"},
				"south": {"uv": [2.4, 0, 3.25, 0.5], "texture": "#3"},
				"west": {"uv": [14.5, 0, 15.35, 0.5], "texture": "#3"},
				"up": {"uv": [2.4, 14.5, 3.25, 15.35], "texture": "#3"},
				"down": {"uv": [2.4, 0.65, 3.25, 1.5], "texture": "#3"}
			}
		},
		{
			"from": [0.4, 15.5, 14.5],
			"to": [1.25, 16.4, 15.35],
			"faces": {
				"north": {"uv": [14.75, 0, 15.6, 0.5], "texture": "#3"},
				"east": {"uv": [0.65, 0, 1.5, 0.5], "texture": "#3"},
				"south": {"uv": [0.4, 0, 1.25, 0.5], "texture": "#3"},
				"west": {"uv": [14.5, 0, 15.35, 0.5], "texture": "#3"},
				"up": {"uv": [0.4, 14.5, 1.25, 15.35], "texture": "#3"},
				"down": {"uv": [0.4, 0.65, 1.25, 1.5], "texture": "#3"}
			}
		},
		{
			"from": [0.9, 16.25, 15.75],
			"to": [1.75, 16.4, 16.6],
			"faces": {
				"north": {"uv": [14.25, 0, 15.1, 0.5], "texture": "#3"},
				"east": {"uv": [0, 0, 0.25, 0.5], "texture": "#3"},
				"south": {"uv": [0.9, 0, 1.75, 0.5], "texture": "#3"},
				"west": {"uv": [15.75, 0, 16, 0.5], "texture": "#3"},
				"up": {"uv": [0.9, 15.75, 1.75, 16], "texture": "#3"},
				"down": {"uv": [0.9, 0, 1.75, 0.25], "texture": "#3"}
			}
		},
		{
			"from": [2.9, 16.25, 15.75],
			"to": [3.75, 16.4, 16.6],
			"faces": {
				"north": {"uv": [12.25, 0, 13.1, 0.5], "texture": "#3"},
				"east": {"uv": [0, 0, 0.25, 0.5], "texture": "#3"},
				"south": {"uv": [2.9, 0, 3.75, 0.5], "texture": "#3"},
				"west": {"uv": [15.75, 0, 16, 0.5], "texture": "#3"},
				"up": {"uv": [2.9, 15.75, 3.75, 16], "texture": "#3"},
				"down": {"uv": [2.9, 0, 3.75, 0.25], "texture": "#3"}
			}
		},
		{
			"from": [4.9, 16.25, 15.75],
			"to": [5.75, 16.4, 16.6],
			"faces": {
				"north": {"uv": [10.25, 0, 11.1, 0.5], "texture": "#3"},
				"east": {"uv": [0, 0, 0.25, 0.5], "texture": "#3"},
				"south": {"uv": [4.9, 0, 5.75, 0.5], "texture": "#3"},
				"west": {"uv": [15.75, 0, 16, 0.5], "texture": "#3"},
				"up": {"uv": [4.9, 15.75, 5.75, 16], "texture": "#3"},
				"down": {"uv": [4.9, 0, 5.75, 0.25], "texture": "#3"}
			}
		},
		{
			"from": [6.9, 16.25, 15.75],
			"to": [7.75, 16.4, 16.6],
			"faces": {
				"north": {"uv": [8.25, 0, 9.1, 0.5], "texture": "#3"},
				"east": {"uv": [0, 0, 0.25, 0.5], "texture": "#3"},
				"south": {"uv": [6.9, 0, 7.75, 0.5], "texture": "#3"},
				"west": {"uv": [15.75, 0, 16, 0.5], "texture": "#3"},
				"up": {"uv": [6.9, 15.75, 7.75, 16], "texture": "#3"},
				"down": {"uv": [6.9, 0, 7.75, 0.25], "texture": "#3"}
			}
		},
		{
			"from": [8.9, 16.25, 15.75],
			"to": [9.75, 16.4, 16.6],
			"faces": {
				"north": {"uv": [6.25, 0, 7.1, 0.5], "texture": "#3"},
				"east": {"uv": [0, 0, 0.25, 0.5], "texture": "#3"},
				"south": {"uv": [8.9, 0, 9.75, 0.5], "texture": "#3"},
				"west": {"uv": [15.75, 0, 16, 0.5], "texture": "#3"},
				"up": {"uv": [8.9, 15.75, 9.75, 16], "texture": "#3"},
				"down": {"uv": [8.9, 0, 9.75, 0.25], "texture": "#3"}
			}
		},
		{
			"from": [10.9, 16.25, 15.75],
			"to": [11.75, 16.4, 16.6],
			"faces": {
				"north": {"uv": [4.25, 0, 5.1, 0.5], "texture": "#3"},
				"east": {"uv": [0, 0, 0.25, 0.5], "texture": "#3"},
				"south": {"uv": [10.9, 0, 11.75, 0.5], "texture": "#3"},
				"west": {"uv": [15.75, 0, 16, 0.5], "texture": "#3"},
				"up": {"uv": [10.9, 15.75, 11.75, 16], "texture": "#3"},
				"down": {"uv": [10.9, 0, 11.75, 0.25], "texture": "#3"}
			}
		},
		{
			"from": [12.9, 16.25, 15.75],
			"to": [13.75, 16.4, 16.6],
			"faces": {
				"north": {"uv": [2.25, 0, 3.1, 0.5], "texture": "#3"},
				"east": {"uv": [0, 0, 0.25, 0.5], "texture": "#3"},
				"south": {"uv": [12.9, 0, 13.75, 0.5], "texture": "#3"},
				"west": {"uv": [15.75, 0, 16, 0.5], "texture": "#3"},
				"up": {"uv": [12.9, 15.75, 13.75, 16], "texture": "#3"},
				"down": {"uv": [12.9, 0, 13.75, 0.25], "texture": "#3"}
			}
		},
		{
			"from": [14.9, 16.25, 15.75],
			"to": [15.75, 16.4, 16.6],
			"faces": {
				"north": {"uv": [0.25, 0, 1.1, 0.5], "texture": "#3"},
				"east": {"uv": [0, 0, 0.25, 0.5], "texture": "#3"},
				"south": {"uv": [14.9, 0, 15.75, 0.5], "texture": "#3"},
				"west": {"uv": [15.75, 0, 16, 0.5], "texture": "#3"},
				"up": {"uv": [14.9, 15.75, 15.75, 16], "texture": "#3"},
				"down": {"uv": [14.9, 0, 15.75, 0.25], "texture": "#3"}
			}
		},
		{
			"from": [0, 15.25, 2],
			"to": [16, 16, 5.5],
			"faces": {
				"north": {"uv": [0, 0, 16, 0.75], "texture": "#2"},
				"east": {"uv": [10.5, 0, 14, 0.75], "texture": "#2"},
				"south": {"uv": [0, 0, 16, 0.75], "texture": "#2"},
				"west": {"uv": [2, 0, 5.5, 0.75], "texture": "#2"},
				"up": {"uv": [0, 2, 16, 5.5], "texture": "#2"},
				"down": {"uv": [0, 10.5, 16, 14], "texture": "#2"}
			}
		},
		{
			"from": [0, 16, 2.25],
			"to": [16, 16.25, 2.5],
			"faces": {
				"north": {"uv": [0, 4.75, 16, 5], "texture": "#2"},
				"east": {"uv": [13.5, 4.75, 13.75, 5], "texture": "#2"},
				"south": {"uv": [0, 4.75, 16, 5], "texture": "#2"},
				"west": {"uv": [2.25, 4.75, 2.5, 5], "texture": "#2"},
				"up": {"uv": [0, 2.25, 16, 2.5], "texture": "#2"},
				"down": {"uv": [0, 13.5, 16, 13.75], "texture": "#2"}
			}
		},
		{
			"from": [0, 16, 2.75],
			"to": [16, 16.25, 3],
			"faces": {
				"north": {"uv": [0, 4.75, 16, 5], "texture": "#2"},
				"east": {"uv": [13, 4.75, 13.25, 5], "texture": "#2"},
				"south": {"uv": [0, 4.75, 16, 5], "texture": "#2"},
				"west": {"uv": [2.75, 4.75, 3, 5], "texture": "#2"},
				"up": {"uv": [0, 2.75, 16, 3], "texture": "#2"},
				"down": {"uv": [0, 13, 16, 13.25], "texture": "#2"}
			}
		},
		{
			"from": [0, 16, 3.25],
			"to": [16, 16.25, 3.5],
			"faces": {
				"north": {"uv": [0, 4.75, 16, 5], "texture": "#2"},
				"east": {"uv": [12.5, 4.75, 12.75, 5], "texture": "#2"},
				"south": {"uv": [0, 4.75, 16, 5], "texture": "#2"},
				"west": {"uv": [3.25, 4.75, 3.5, 5], "texture": "#2"},
				"up": {"uv": [0, 3.25, 16, 3.5], "texture": "#2"},
				"down": {"uv": [0, 12.5, 16, 12.75], "texture": "#2"}
			}
		},
		{
			"from": [0, 16, 3.75],
			"to": [16, 16.25, 4],
			"faces": {
				"north": {"uv": [0, 4.75, 16, 5], "texture": "#2"},
				"east": {"uv": [12, 4.75, 12.25, 5], "texture": "#2"},
				"south": {"uv": [0, 4.75, 16, 5], "texture": "#2"},
				"west": {"uv": [3.75, 4.75, 4, 5], "texture": "#2"},
				"up": {"uv": [0, 3.75, 16, 4], "texture": "#2"},
				"down": {"uv": [0, 12, 16, 12.25], "texture": "#2"}
			}
		},
		{
			"from": [0, 16, 5.25],
			"to": [16, 16.25, 5.5],
			"faces": {
				"north": {"uv": [0, 4.75, 16, 5], "texture": "#2"},
				"east": {"uv": [10.5, 4.75, 10.75, 5], "texture": "#2"},
				"south": {"uv": [0, 4.75, 16, 5], "texture": "#2"},
				"west": {"uv": [5.25, 4.75, 5.5, 5], "texture": "#2"},
				"up": {"uv": [0, 5.25, 16, 5.5], "texture": "#2"},
				"down": {"uv": [0, 10.5, 16, 10.75], "texture": "#2"}
			}
		},
		{
			"from": [0, 16, 4.75],
			"to": [16, 16.25, 5],
			"faces": {
				"north": {"uv": [0, 4.75, 16, 5], "texture": "#2"},
				"east": {"uv": [11, 4.75, 11.25, 5], "texture": "#2"},
				"south": {"uv": [0, 4.75, 16, 5], "texture": "#2"},
				"west": {"uv": [4.75, 4.75, 5, 5], "texture": "#2"},
				"up": {"uv": [0, 4.75, 16, 5], "texture": "#2"},
				"down": {"uv": [0, 11, 16, 11.25], "texture": "#2"}
			}
		},
		{
			"from": [0, 16, 11.5],
			"to": [16, 16.25, 11.75],
			"faces": {
				"north": {"uv": [0, 4.75, 16, 5], "texture": "#2"},
				"east": {"uv": [4.25, 4.75, 4.5, 5], "texture": "#2"},
				"south": {"uv": [0, 4.75, 16, 5], "texture": "#2"},
				"west": {"uv": [11.5, 4.75, 11.75, 5], "texture": "#2"},
				"up": {"uv": [0, 11.5, 16, 11.75], "texture": "#2"},
				"down": {"uv": [0, 4.25, 16, 4.5], "texture": "#2"}
			}
		},
		{
			"from": [0, 16, 11],
			"to": [16, 16.25, 11.25],
			"faces": {
				"north": {"uv": [0, 4.75, 16, 5], "texture": "#2"},
				"east": {"uv": [4.75, 4.75, 5, 5], "texture": "#2"},
				"south": {"uv": [0, 4.75, 16, 5], "texture": "#2"},
				"west": {"uv": [11, 4.75, 11.25, 5], "texture": "#2"},
				"up": {"uv": [0, 11, 16, 11.25], "texture": "#2"},
				"down": {"uv": [0, 4.75, 16, 5], "texture": "#2"}
			}
		},
		{
			"from": [0, 16, 10.5],
			"to": [16, 16.25, 10.75],
			"faces": {
				"north": {"uv": [0, 4.75, 16, 5], "texture": "#2"},
				"east": {"uv": [5.25, 4.75, 5.5, 5], "texture": "#2"},
				"south": {"uv": [0, 4.75, 16, 5], "texture": "#2"},
				"west": {"uv": [10.5, 4.75, 10.75, 5], "texture": "#2"},
				"up": {"uv": [0, 10.5, 16, 10.75], "texture": "#2"},
				"down": {"uv": [0, 5.25, 16, 5.5], "texture": "#2"}
			}
		},
		{
			"from": [0, 16, 10],
			"to": [16, 16.25, 10.25],
			"faces": {
				"north": {"uv": [0, 4.75, 16, 5], "texture": "#2"},
				"east": {"uv": [5.75, 4.75, 6, 5], "texture": "#2"},
				"south": {"uv": [0, 4.75, 16, 5], "texture": "#2"},
				"west": {"uv": [10, 4.75, 10.25, 5], "texture": "#2"},
				"up": {"uv": [0, 10, 16, 10.25], "texture": "#2"},
				"down": {"uv": [0, 5.75, 16, 6], "texture": "#2"}
			}
		},
		{
			"from": [0, 16, 9.5],
			"to": [16, 16.25, 9.75],
			"faces": {
				"north": {"uv": [0, 4.75, 16, 5], "texture": "#2"},
				"east": {"uv": [6.25, 4.75, 6.5, 5], "texture": "#2"},
				"south": {"uv": [0, 4.75, 16, 5], "texture": "#2"},
				"west": {"uv": [9.5, 4.75, 9.75, 5], "texture": "#2"},
				"up": {"uv": [0, 9.5, 16, 9.75], "texture": "#2"},
				"down": {"uv": [0, 6.25, 16, 6.5], "texture": "#2"}
			}
		},
		{
			"from": [0, 16, 9],
			"to": [16, 16.25, 9.25],
			"faces": {
				"north": {"uv": [0, 4.75, 16, 5], "texture": "#2"},
				"east": {"uv": [6.75, 4.75, 7, 5], "texture": "#2"},
				"south": {"uv": [0, 4.75, 16, 5], "texture": "#2"},
				"west": {"uv": [9, 4.75, 9.25, 5], "texture": "#2"},
				"up": {"uv": [0, 9, 16, 9.25], "texture": "#2"},
				"down": {"uv": [0, 6.75, 16, 7], "texture": "#2"}
			}
		},
		{
			"from": [0, 16, 8.5],
			"to": [16, 16.25, 8.75],
			"faces": {
				"north": {"uv": [0, 4.75, 16, 5], "texture": "#2"},
				"east": {"uv": [7.25, 4.75, 7.5, 5], "texture": "#2"},
				"south": {"uv": [0, 4.75, 16, 5], "texture": "#2"},
				"west": {"uv": [8.5, 4.75, 8.75, 5], "texture": "#2"},
				"up": {"uv": [0, 8.5, 16, 8.75], "texture": "#2"},
				"down": {"uv": [0, 7.25, 16, 7.5], "texture": "#2"}
			}
		},
		{
			"from": [0, 16, 8],
			"to": [16, 16.25, 8.25],
			"faces": {
				"north": {"uv": [0, 4.75, 16, 5], "texture": "#2"},
				"east": {"uv": [7.75, 4.75, 8, 5], "texture": "#2"},
				"south": {"uv": [0, 4.75, 16, 5], "texture": "#2"},
				"west": {"uv": [8, 4.75, 8.25, 5], "texture": "#2"},
				"up": {"uv": [0, 8, 16, 8.25], "texture": "#2"},
				"down": {"uv": [0, 7.75, 16, 8], "texture": "#2"}
			}
		},
		{
			"from": [0, 15.25, 8],
			"to": [16, 16, 16],
			"faces": {
				"north": {"uv": [0, 0, 16, 0.75], "texture": "#2"},
				"east": {"uv": [4.25, 0, 8, 0.75], "texture": "#2"},
				"south": {"uv": [0, 0, 16, 0.75], "texture": "#2"},
				"west": {"uv": [8, 0, 11.75, 0.75], "texture": "#2"},
				"up": {"uv": [0, 8, 16, 11.75], "texture": "#2"},
				"down": {"uv": [0, 4.25, 16, 8], "texture": "#2"}
			}
		},
		{
			"from": [17.72916, 16.25, 2.22083],
			"to": [18.22916, 16.41667, 5.34583],
			"rotation": {"angle": -22.5, "axis": "y", "origin": [17.97916, 16.61666, 3.78333]},
			"faces": {
				"north": {"uv": [9, 9, 8, 8], "rotation": 270, "texture": "#0"},
				"east": {"uv": [9, 9, 8, 8], "rotation": 270, "texture": "#0"},
				"south": {"uv": [9, 9, 8, 8], "rotation": 270, "texture": "#0"},
				"west": {"uv": [9, 9, 8, 8], "rotation": 270, "texture": "#0"},
				"up": {"uv": [9, 9, 8, 8], "rotation": 180, "texture": "#0"},
				"down": {"uv": [9, 9, 8, 8], "texture": "#0"}
			}
		},
		{
			"from": [18.86805, 16.25, 2.22083],
			"to": [19.36805, 16.41667, 5.34583],
			"rotation": {"angle": 22.5, "axis": "y", "origin": [19.11805, 16.61666, 3.78333]},
			"faces": {
				"north": {"uv": [9, 9, 8, 8], "rotation": 270, "texture": "#0"},
				"east": {"uv": [9, 9, 8, 8], "rotation": 270, "texture": "#0"},
				"south": {"uv": [9, 9, 8, 8], "rotation": 270, "texture": "#0"},
				"west": {"uv": [9, 9, 8, 8], "rotation": 270, "texture": "#0"},
				"up": {"uv": [9, 9, 8, 8], "rotation": 180, "texture": "#0"},
				"down": {"uv": [9, 9, 8, 8], "texture": "#0"}
			}
		},
		{
			"from": [16.22222, 16.25, 2.36666],
			"to": [16.94444, 16.41667, 2.86666],
			"rotation": {"angle": -22.5, "axis": "y", "origin": [16.78472, 16.61666, 2.61666]},
			"faces": {
				"north": {"uv": [9, 9, 8, 8], "rotation": 270, "texture": "#0"},
				"east": {"uv": [9, 9, 8, 8], "rotation": 270, "texture": "#0"},
				"south": {"uv": [9, 9, 8, 8], "rotation": 270, "texture": "#0"},
				"west": {"uv": [9, 9, 8, 8], "rotation": 270, "texture": "#0"},
				"up": {"uv": [9, 9, 8, 8], "rotation": 180, "texture": "#0"},
				"down": {"uv": [9, 9, 8, 8], "texture": "#0"}
			}
		},
		{
			"from": [15.58333, 16.25, 2.17222],
			"to": [16.375, 16.41667, 2.67222],
			"rotation": {"angle": 0, "axis": "y", "origin": [16.78472, 16.61666, 2.42222]},
			"faces": {
				"north": {"uv": [9, 9, 8, 8], "rotation": 270, "texture": "#0"},
				"east": {"uv": [9, 9, 8, 8], "rotation": 270, "texture": "#0"},
				"south": {"uv": [9, 9, 8, 8], "rotation": 270, "texture": "#0"},
				"west": {"uv": [9, 9, 8, 8], "rotation": 270, "texture": "#0"},
				"up": {"uv": [9, 9, 8, 8], "rotation": 180, "texture": "#0"},
				"down": {"uv": [9, 9, 8, 8], "texture": "#0"}
			}
		},
		{
			"from": [15.36111, 16.25, 2.17222],
			"to": [15.68055, 16.41667, 2.67222],
			"rotation": {"angle": 22.5, "axis": "y", "origin": [15.61805, 16.61666, 2.42222]},
			"faces": {
				"north": {"uv": [9, 9, 8, 8], "rotation": 270, "texture": "#0"},
				"east": {"uv": [9, 9, 8, 8], "rotation": 270, "texture": "#0"},
				"south": {"uv": [9, 9, 8, 8], "rotation": 270, "texture": "#0"},
				"west": {"uv": [9, 9, 8, 8], "rotation": 270, "texture": "#0"},
				"up": {"uv": [9, 9, 8, 8], "rotation": 180, "texture": "#0"},
				"down": {"uv": [9, 9, 8, 8], "texture": "#0"}
			}
		},
		{
			"from": [14.63889, 16.25, 2.17222],
			"to": [15.43055, 16.41667, 2.67222],
			"rotation": {"angle": 45, "axis": "y", "origin": [15.50694, 16.61666, 2.42222]},
			"faces": {
				"north": {"uv": [9, 9, 8, 8], "rotation": 270, "texture": "#0"},
				"east": {"uv": [9, 9, 8, 8], "rotation": 270, "texture": "#0"},
				"south": {"uv": [9, 9, 8, 8], "rotation": 270, "texture": "#0"},
				"west": {"uv": [9, 9, 8, 8], "rotation": 270, "texture": "#0"},
				"up": {"uv": [9, 9, 8, 8], "rotation": 180, "texture": "#0"},
				"down": {"uv": [9, 9, 8, 8], "texture": "#0"}
			}
		},
		{
			"from": [14.92361, 16.25, 2.9986],
			"to": [15.42361, 16.41667, 3.48472],
			"rotation": {"angle": -22.5, "axis": "y", "origin": [15.17361, 16.61666, 2.42222]},
			"faces": {
				"north": {"uv": [9, 9, 8, 8], "rotation": 270, "texture": "#0"},
				"east": {"uv": [9, 9, 8, 8], "rotation": 270, "texture": "#0"},
				"south": {"uv": [9, 9, 8, 8], "rotation": 270, "texture": "#0"},
				"west": {"uv": [9, 9, 8, 8], "rotation": 270, "texture": "#0"},
				"up": {"uv": [9, 9, 8, 8], "rotation": 180, "texture": "#0"},
				"down": {"uv": [9, 9, 8, 8], "texture": "#0"}
			}
		},
		{
			"from": [14.53472, 16.25, 3.30416],
			"to": [15.03472, 16.41667, 4.29027],
			"rotation": {"angle": 0, "axis": "y", "origin": [14.78472, 16.61666, 2.72777]},
			"faces": {
				"north": {"uv": [9, 9, 8, 8], "rotation": 270, "texture": "#0"},
				"east": {"uv": [9, 9, 8, 8], "rotation": 270, "texture": "#0"},
				"south": {"uv": [9, 9, 8, 8], "rotation": 270, "texture": "#0"},
				"west": {"uv": [9, 9, 8, 8], "rotation": 270, "texture": "#0"},
				"up": {"uv": [9, 9, 8, 8], "rotation": 180, "texture": "#0"},
				"down": {"uv": [9, 9, 8, 8], "texture": "#0"}
			}
		},
		{
			"from": [16.53472, 16.25, 3.52638],
			"to": [17.03472, 16.41667, 5.1236],
			"rotation": {"angle": 0, "axis": "y", "origin": [16.78472, 16.61666, 2.72777]},
			"faces": {
				"north": {"uv": [9, 9, 8, 8], "rotation": 270, "texture": "#0"},
				"east": {"uv": [9, 9, 8, 8], "rotation": 270, "texture": "#0"},
				"south": {"uv": [9, 9, 8, 8], "rotation": 270, "texture": "#0"},
				"west": {"uv": [9, 9, 8, 8], "rotation": 270, "texture": "#0"},
				"up": {"uv": [9, 9, 8, 8], "rotation": 180, "texture": "#0"},
				"down": {"uv": [9, 9, 8, 8], "texture": "#0"}
			}
		},
		{
			"from": [11.28472, 16.25, 2.19305],
			"to": [11.78472, 16.41667, 5.40138],
			"rotation": {"angle": 0, "axis": "y", "origin": [11.53472, 16.61666, 2.72777]},
			"faces": {
				"north": {"uv": [9, 9, 8, 8], "rotation": 270, "texture": "#0"},
				"east": {"uv": [9, 9, 8, 8], "rotation": 270, "texture": "#0"},
				"south": {"uv": [9, 9, 8, 8], "rotation": 270, "texture": "#0"},
				"west": {"uv": [9, 9, 8, 8], "rotation": 270, "texture": "#0"},
				"up": {"uv": [9, 9, 8, 8], "rotation": 180, "texture": "#0"},
				"down": {"uv": [9, 9, 8, 8], "texture": "#0"}
			}
		},
		{
			"from": [8.45139, 16.25, 2.19305],
			"to": [8.95139, 16.41667, 5.40138],
			"rotation": {"angle": 0, "axis": "y", "origin": [8.70139, 16.61666, 2.72777]},
			"faces": {
				"north": {"uv": [9, 9, 8, 8], "rotation": 270, "texture": "#0"},
				"east": {"uv": [9, 9, 8, 8], "rotation": 270, "texture": "#0"},
				"south": {"uv": [9, 9, 8, 8], "rotation": 270, "texture": "#0"},
				"west": {"uv": [9, 9, 8, 8], "rotation": 270, "texture": "#0"},
				"up": {"uv": [9, 9, 8, 8], "rotation": 180, "texture": "#0"},
				"down": {"uv": [9, 9, 8, 8], "texture": "#0"}
			}
		},
		{
			"from": [6.86805, 16.25, 2.69305],
			"to": [7.36805, 16.41667, 5.40138],
			"rotation": {"angle": 0, "axis": "y", "origin": [7.11805, 16.61666, 2.72777]},
			"faces": {
				"north": {"uv": [9, 9, 8, 8], "rotation": 270, "texture": "#0"},
				"east": {"uv": [9, 9, 8, 8], "rotation": 270, "texture": "#0"},
				"south": {"uv": [9, 9, 8, 8], "rotation": 270, "texture": "#0"},
				"west": {"uv": [9, 9, 8, 8], "rotation": 270, "texture": "#0"},
				"up": {"uv": [9, 9, 8, 8], "rotation": 180, "texture": "#0"},
				"down": {"uv": [9, 9, 8, 8], "texture": "#0"}
			}
		},
		{
			"from": [-1.60417, 16.25, 2.19305],
			"to": [-1.10417, 16.41667, 5.40138],
			"rotation": {"angle": 0, "axis": "y", "origin": [-1.35417, 16.61666, 2.72777]},
			"faces": {
				"north": {"uv": [9, 9, 8, 8], "rotation": 270, "texture": "#0"},
				"east": {"uv": [9, 9, 8, 8], "rotation": 270, "texture": "#0"},
				"south": {"uv": [9, 9, 8, 8], "rotation": 270, "texture": "#0"},
				"west": {"uv": [9, 9, 8, 8], "rotation": 270, "texture": "#0"},
				"up": {"uv": [9, 9, 8, 8], "rotation": 180, "texture": "#0"},
				"down": {"uv": [9, 9, 8, 8], "texture": "#0"}
			}
		},
		{
			"from": [-2.52084, 16.25, 2.19305],
			"to": [-2.02084, 16.41667, 5.40138],
			"rotation": {"angle": 0, "axis": "y", "origin": [-2.27084, 16.61666, 2.72777]},
			"faces": {
				"north": {"uv": [9, 9, 8, 8], "rotation": 270, "texture": "#0"},
				"east": {"uv": [9, 9, 8, 8], "rotation": 270, "texture": "#0"},
				"south": {"uv": [9, 9, 8, 8], "rotation": 270, "texture": "#0"},
				"west": {"uv": [9, 9, 8, 8], "rotation": 270, "texture": "#0"},
				"up": {"uv": [9, 9, 8, 8], "rotation": 180, "texture": "#0"},
				"down": {"uv": [9, 9, 8, 8], "texture": "#0"}
			}
		},
		{
			"from": [-4.85417, 16.25, 2.19305],
			"to": [-4.35417, 16.41667, 5.40138],
			"rotation": {"angle": 0, "axis": "y", "origin": [-4.60417, 16.61666, 2.72777]},
			"faces": {
				"north": {"uv": [9, 9, 8, 8], "rotation": 270, "texture": "#0"},
				"east": {"uv": [9, 9, 8, 8], "rotation": 270, "texture": "#0"},
				"south": {"uv": [9, 9, 8, 8], "rotation": 270, "texture": "#0"},
				"west": {"uv": [9, 9, 8, 8], "rotation": 270, "texture": "#0"},
				"up": {"uv": [9, 9, 8, 8], "rotation": 180, "texture": "#0"},
				"down": {"uv": [9, 9, 8, 8], "texture": "#0"}
			}
		},
		{
			"from": [-4.40284, 16.25, 2.21321],
			"to": [-3.90284, 16.41667, 4.00488],
			"rotation": {"angle": 45, "axis": "y", "origin": [-4.15284, 16.61666, 2.74793]},
			"faces": {
				"north": {"uv": [9, 9, 8, 8], "rotation": 270, "texture": "#0"},
				"east": {"uv": [9, 9, 8, 8], "rotation": 270, "texture": "#0"},
				"south": {"uv": [9, 9, 8, 8], "rotation": 270, "texture": "#0"},
				"west": {"uv": [9, 9, 8, 8], "rotation": 270, "texture": "#0"},
				"up": {"uv": [9, 9, 8, 8], "rotation": 180, "texture": "#0"},
				"down": {"uv": [9, 9, 8, 8], "texture": "#0"}
			}
		},
		{
			"from": [-2.85264, 16.25, 4.01035],
			"to": [-1.56098, 16.41667, 4.51035],
			"rotation": {"angle": 45, "axis": "y", "origin": [-4.23459, 16.61666, 4.26035]},
			"faces": {
				"north": {"uv": [9, 9, 8, 8], "rotation": 270, "texture": "#0"},
				"east": {"uv": [9, 9, 8, 8], "rotation": 270, "texture": "#0"},
				"south": {"uv": [9, 9, 8, 8], "rotation": 270, "texture": "#0"},
				"west": {"uv": [9, 9, 8, 8], "rotation": 270, "texture": "#0"},
				"up": {"uv": [9, 9, 8, 8], "rotation": 180, "texture": "#0"},
				"down": {"uv": [9, 9, 8, 8], "texture": "#0"}
			}
		},
		{
			"from": [-0.60417, 16.25, 2.19305],
			"to": [-0.10417, 16.41667, 5.40138],
			"rotation": {"angle": 0, "axis": "y", "origin": [-0.35417, 16.61666, 2.72777]},
			"faces": {
				"north": {"uv": [9, 9, 8, 8], "rotation": 270, "texture": "#0"},
				"east": {"uv": [9, 9, 8, 8], "rotation": 270, "texture": "#0"},
				"south": {"uv": [9, 9, 8, 8], "rotation": 270, "texture": "#0"},
				"west": {"uv": [9, 9, 8, 8], "rotation": 270, "texture": "#0"},
				"up": {"uv": [9, 9, 8, 8], "rotation": 180, "texture": "#0"},
				"down": {"uv": [9, 9, 8, 8], "texture": "#0"}
			}
		},
		{
			"from": [1.39583, 16.25, 2.19305],
			"to": [1.89583, 16.41667, 5.40138],
			"rotation": {"angle": 0, "axis": "y", "origin": [1.64583, 16.61666, 2.72777]},
			"faces": {
				"north": {"uv": [9, 9, 8, 8], "rotation": 270, "texture": "#0"},
				"east": {"uv": [9, 9, 8, 8], "rotation": 270, "texture": "#0"},
				"south": {"uv": [9, 9, 8, 8], "rotation": 270, "texture": "#0"},
				"west": {"uv": [9, 9, 8, 8], "rotation": 270, "texture": "#0"},
				"up": {"uv": [9, 9, 8, 8], "rotation": 180, "texture": "#0"},
				"down": {"uv": [9, 9, 8, 8], "texture": "#0"}
			}
		},
		{
			"from": [2.22916, 16.25, 2.19305],
			"to": [2.72916, 16.41667, 5.40138],
			"rotation": {"angle": 0, "axis": "y", "origin": [2.47916, 16.61666, 2.72777]},
			"faces": {
				"north": {"uv": [9, 9, 8, 8], "rotation": 270, "texture": "#0"},
				"east": {"uv": [9, 9, 8, 8], "rotation": 270, "texture": "#0"},
				"south": {"uv": [9, 9, 8, 8], "rotation": 270, "texture": "#0"},
				"west": {"uv": [9, 9, 8, 8], "rotation": 270, "texture": "#0"},
				"up": {"uv": [9, 9, 8, 8], "rotation": 180, "texture": "#0"},
				"down": {"uv": [9, 9, 8, 8], "texture": "#0"}
			}
		},
		{
			"from": [-0.15284, 16.25, 2.21321],
			"to": [0.34716, 16.41667, 3.94932],
			"rotation": {"angle": 45, "axis": "y", "origin": [0.09716, 16.61666, 2.74793]},
			"faces": {
				"north": {"uv": [9, 9, 8, 8], "rotation": 270, "texture": "#0"},
				"east": {"uv": [9, 9, 8, 8], "rotation": 270, "texture": "#0"},
				"south": {"uv": [9, 9, 8, 8], "rotation": 270, "texture": "#0"},
				"west": {"uv": [9, 9, 8, 8], "rotation": 270, "texture": "#0"},
				"up": {"uv": [9, 9, 8, 8], "rotation": 180, "texture": "#0"},
				"down": {"uv": [9, 9, 8, 8], "texture": "#0"}
			}
		},
		{
			"from": [0.35365, 16.25, 3.57867],
			"to": [0.85365, 16.41667, 5.50923],
			"rotation": {"angle": 22.5, "axis": "y", "origin": [0.60365, 16.61666, 2.83562]},
			"faces": {
				"north": {"uv": [9, 9, 8, 8], "rotation": 270, "texture": "#0"},
				"east": {"uv": [9, 9, 8, 8], "rotation": 270, "texture": "#0"},
				"south": {"uv": [9, 9, 8, 8], "rotation": 270, "texture": "#0"},
				"west": {"uv": [9, 9, 8, 8], "rotation": 270, "texture": "#0"},
				"up": {"uv": [9, 9, 8, 8], "rotation": 180, "texture": "#0"},
				"down": {"uv": [9, 9, 8, 8], "texture": "#0"}
			}
		},
		{
			"from": [10.28472, 16.25, 2.19305],
			"to": [10.78472, 16.41667, 5.40138],
			"rotation": {"angle": 0, "axis": "y", "origin": [10.53472, 16.61666, 2.72777]},
			"faces": {
				"north": {"uv": [9, 9, 8, 8], "rotation": 270, "texture": "#0"},
				"east": {"uv": [9, 9, 8, 8], "rotation": 270, "texture": "#0"},
				"south": {"uv": [9, 9, 8, 8], "rotation": 270, "texture": "#0"},
				"west": {"uv": [9, 9, 8, 8], "rotation": 270, "texture": "#0"},
				"up": {"uv": [9, 9, 8, 8], "rotation": 180, "texture": "#0"},
				"down": {"uv": [9, 9, 8, 8], "texture": "#0"}
			}
		},
		{
			"from": [16.83661, 16.25, 2.44681],
			"to": [17.02795, 16.41667, 2.90875],
			"rotation": {"angle": 0, "axis": "y", "origin": [16.78472, 16.61666, 1.5611]},
			"faces": {
				"north": {"uv": [9, 9, 8, 8], "rotation": 270, "texture": "#0"},
				"east": {"uv": [9, 9, 8, 8], "rotation": 270, "texture": "#0"},
				"south": {"uv": [9, 9, 8, 8], "rotation": 270, "texture": "#0"},
				"west": {"uv": [9, 9, 8, 8], "rotation": 270, "texture": "#0"},
				"up": {"uv": [9, 9, 8, 8], "rotation": 180, "texture": "#0"},
				"down": {"uv": [9, 9, 8, 8], "texture": "#0"}
			}
		},
		{
			"from": [16.03472, 16.25, 3.52638],
			"to": [16.53472, 16.41667, 4.06805],
			"rotation": {"angle": 0, "axis": "y", "origin": [16.28472, 16.61666, 2.72777]},
			"faces": {
				"north": {"uv": [9, 9, 8, 8], "rotation": 270, "texture": "#0"},
				"east": {"uv": [9, 9, 8, 8], "rotation": 270, "texture": "#0"},
				"south": {"uv": [9, 9, 8, 8], "rotation": 270, "texture": "#0"},
				"west": {"uv": [9, 9, 8, 8], "rotation": 270, "texture": "#0"},
				"up": {"uv": [9, 9, 8, 8], "rotation": 180, "texture": "#0"},
				"down": {"uv": [9, 9, 8, 8], "texture": "#0"}
			}
		},
		{
			"from": [11.78472, 16.25, 3.35972],
			"to": [12.61805, 16.41667, 3.90138],
			"rotation": {"angle": 0, "axis": "y", "origin": [12.03472, 16.61666, 2.5611]},
			"faces": {
				"north": {"uv": [9, 9, 8, 8], "rotation": 270, "texture": "#0"},
				"east": {"uv": [9, 9, 8, 8], "rotation": 270, "texture": "#0"},
				"south": {"uv": [9, 9, 8, 8], "rotation": 270, "texture": "#0"},
				"west": {"uv": [9, 9, 8, 8], "rotation": 270, "texture": "#0"},
				"up": {"uv": [9, 9, 8, 8], "rotation": 180, "texture": "#0"},
				"down": {"uv": [9, 9, 8, 8], "texture": "#0"}
			}
		},
		{
			"from": [8.95139, 16.25, 3.35972],
			"to": [10.28472, 16.41667, 3.90138],
			"rotation": {"angle": 0, "axis": "y", "origin": [9.70139, 16.61666, 2.5611]},
			"faces": {
				"north": {"uv": [9, 9, 8, 8], "rotation": 270, "texture": "#0"},
				"east": {"uv": [9, 9, 8, 8], "rotation": 270, "texture": "#0"},
				"south": {"uv": [9, 9, 8, 8], "rotation": 270, "texture": "#0"},
				"west": {"uv": [9, 9, 8, 8], "rotation": 270, "texture": "#0"},
				"up": {"uv": [9, 9, 8, 8], "rotation": 180, "texture": "#0"},
				"down": {"uv": [9, 9, 8, 8], "texture": "#0"}
			}
		},
		{
			"from": [5.95139, 16.25, 2.19305],
			"to": [8.28472, 16.41667, 2.73472],
			"rotation": {"angle": 0, "axis": "y", "origin": [7.70139, 16.61666, 1.39444]},
			"faces": {
				"north": {"uv": [9, 9, 8, 8], "rotation": 270, "texture": "#0"},
				"east": {"uv": [9, 9, 8, 8], "rotation": 270, "texture": "#0"},
				"south": {"uv": [9, 9, 8, 8], "rotation": 270, "texture": "#0"},
				"west": {"uv": [9, 9, 8, 8], "rotation": 270, "texture": "#0"},
				"up": {"uv": [9, 9, 8, 8], "rotation": 180, "texture": "#0"},
				"down": {"uv": [9, 9, 8, 8], "texture": "#0"}
			}
		},
		{
			"from": [2.72916, 16.25, 2.19305],
			"to": [3.5625, 16.41667, 2.73472],
			"rotation": {"angle": 0, "axis": "y", "origin": [4.47916, 16.61666, 1.39444]},
			"faces": {
				"north": {"uv": [9, 9, 8, 8], "rotation": 270, "texture": "#0"},
				"east": {"uv": [9, 9, 8, 8], "rotation": 270, "texture": "#0"},
				"south": {"uv": [9, 9, 8, 8], "rotation": 270, "texture": "#0"},
				"west": {"uv": [9, 9, 8, 8], "rotation": 270, "texture": "#0"},
				"up": {"uv": [9, 9, 8, 8], "rotation": 180, "texture": "#0"},
				"down": {"uv": [9, 9, 8, 8], "texture": "#0"}
			}
		},
		{
			"from": [2.72916, 16.25, 4.85972],
			"to": [3.5625, 16.41667, 5.40138],
			"rotation": {"angle": 0, "axis": "y", "origin": [4.47916, 16.61666, 6.19999]},
			"faces": {
				"north": {"uv": [9, 9, 8, 8], "rotation": 270, "texture": "#0"},
				"east": {"uv": [9, 9, 8, 8], "rotation": 270, "texture": "#0"},
				"south": {"uv": [9, 9, 8, 8], "rotation": 270, "texture": "#0"},
				"west": {"uv": [9, 9, 8, 8], "rotation": 270, "texture": "#0"},
				"up": {"uv": [9, 9, 8, 8], "rotation": 180, "texture": "#0"},
				"down": {"uv": [9, 9, 8, 8], "texture": "#0"}
			}
		},
		{
			"from": [3.7349, 16.25, 2.92354],
			"to": [4.40157, 16.41667, 3.4652],
			"rotation": {"angle": -22.5, "axis": "y", "origin": [5.4849, 16.61666, 2.12492]},
			"faces": {
				"north": {"uv": [9, 9, 8, 8], "rotation": 270, "texture": "#0"},
				"east": {"uv": [9, 9, 8, 8], "rotation": 270, "texture": "#0"},
				"south": {"uv": [9, 9, 8, 8], "rotation": 270, "texture": "#0"},
				"west": {"uv": [9, 9, 8, 8], "rotation": 270, "texture": "#0"},
				"up": {"uv": [9, 9, 8, 8], "rotation": 180, "texture": "#0"},
				"down": {"uv": [9, 9, 8, 8], "texture": "#0"}
			}
		},
		{
			"from": [3.7349, 16.25, 4.12923],
			"to": [4.40157, 16.41667, 4.6709],
			"rotation": {"angle": 22.5, "axis": "y", "origin": [5.4849, 16.61666, 5.46951]},
			"faces": {
				"north": {"uv": [9, 9, 8, 8], "rotation": 270, "texture": "#0"},
				"east": {"uv": [9, 9, 8, 8], "rotation": 270, "texture": "#0"},
				"south": {"uv": [9, 9, 8, 8], "rotation": 270, "texture": "#0"},
				"west": {"uv": [9, 9, 8, 8], "rotation": 270, "texture": "#0"},
				"up": {"uv": [9, 9, 8, 8], "rotation": 180, "texture": "#0"},
				"down": {"uv": [9, 9, 8, 8], "texture": "#0"}
			}
		},
		{
			"from": [4.23056, 16.25, 3.13325],
			"to": [4.50833, 16.41667, 3.67492],
			"rotation": {"angle": 45, "axis": "y", "origin": [5.98056, 16.61666, 4.47353]},
			"faces": {
				"north": {"uv": [9, 9, 8, 8], "rotation": 270, "texture": "#0"},
				"east": {"uv": [9, 9, 8, 8], "rotation": 270, "texture": "#0"},
				"south": {"uv": [9, 9, 8, 8], "rotation": 270, "texture": "#0"},
				"west": {"uv": [9, 9, 8, 8], "rotation": 270, "texture": "#0"},
				"up": {"uv": [9, 9, 8, 8], "rotation": 180, "texture": "#0"},
				"down": {"uv": [9, 9, 8, 8], "texture": "#0"}
			}
		},
		{
			"from": [4.23056, 16.25, 3.91952],
			"to": [4.50833, 16.41667, 4.46118],
			"rotation": {"angle": -45, "axis": "y", "origin": [5.98056, 16.61666, 3.1209]},
			"faces": {
				"north": {"uv": [9, 9, 8, 8], "rotation": 270, "texture": "#0"},
				"east": {"uv": [9, 9, 8, 8], "rotation": 270, "texture": "#0"},
				"south": {"uv": [9, 9, 8, 8], "rotation": 270, "texture": "#0"},
				"west": {"uv": [9, 9, 8, 8], "rotation": 270, "texture": "#0"},
				"up": {"uv": [9, 9, 8, 8], "rotation": 180, "texture": "#0"},
				"down": {"uv": [9, 9, 8, 8], "texture": "#0"}
			}
		},
		{
			"from": [4.48056, 16.25, 3.13325],
			"to": [4.78611, 16.41667, 3.28603],
			"rotation": {"angle": 45, "axis": "y", "origin": [5.98056, 16.61666, 4.47353]},
			"faces": {
				"north": {"uv": [9, 9, 8, 8], "rotation": 270, "texture": "#0"},
				"east": {"uv": [9, 9, 8, 8], "rotation": 270, "texture": "#0"},
				"south": {"uv": [9, 9, 8, 8], "rotation": 270, "texture": "#0"},
				"west": {"uv": [9, 9, 8, 8], "rotation": 270, "texture": "#0"},
				"up": {"uv": [9, 9, 8, 8], "rotation": 180, "texture": "#0"},
				"down": {"uv": [9, 9, 8, 8], "texture": "#0"}
			}
		},
		{
			"from": [4.48056, 16.25, 4.3084],
			"to": [4.78611, 16.41667, 4.46118],
			"rotation": {"angle": -45, "axis": "y", "origin": [5.98056, 16.61666, 3.1209]},
			"faces": {
				"north": {"uv": [9, 9, 8, 8], "rotation": 270, "texture": "#0"},
				"east": {"uv": [9, 9, 8, 8], "rotation": 270, "texture": "#0"},
				"south": {"uv": [9, 9, 8, 8], "rotation": 270, "texture": "#0"},
				"west": {"uv": [9, 9, 8, 8], "rotation": 270, "texture": "#0"},
				"up": {"uv": [9, 9, 8, 8], "rotation": 180, "texture": "#0"},
				"down": {"uv": [9, 9, 8, 8], "texture": "#0"}
			}
		},
		{
			"from": [4.71706, 16.25, 4.5108],
			"to": [5.10475, 16.41667, 5.47479],
			"rotation": {"angle": -22.5, "axis": "y", "origin": [6.05734, 16.61666, 3.36368]},
			"faces": {
				"north": {"uv": [9, 9, 8, 8], "rotation": 270, "texture": "#0"},
				"east": {"uv": [9, 9, 8, 8], "rotation": 270, "texture": "#0"},
				"south": {"uv": [9, 9, 8, 8], "rotation": 270, "texture": "#0"},
				"west": {"uv": [9, 9, 8, 8], "rotation": 270, "texture": "#0"},
				"up": {"uv": [9, 9, 8, 8], "rotation": 180, "texture": "#0"},
				"down": {"uv": [9, 9, 8, 8], "texture": "#0"}
			}
		},
		{
			"from": [4.71706, 16.25, 2.11964],
			"to": [5.10475, 16.41667, 3.08364],
			"rotation": {"angle": 22.5, "axis": "y", "origin": [6.05734, 16.61666, 4.23075]},
			"faces": {
				"north": {"uv": [9, 9, 8, 8], "rotation": 270, "texture": "#0"},
				"east": {"uv": [9, 9, 8, 8], "rotation": 270, "texture": "#0"},
				"south": {"uv": [9, 9, 8, 8], "rotation": 270, "texture": "#0"},
				"west": {"uv": [9, 9, 8, 8], "rotation": 270, "texture": "#0"},
				"up": {"uv": [9, 9, 8, 8], "rotation": 180, "texture": "#0"},
				"down": {"uv": [9, 9, 8, 8], "texture": "#0"}
			}
		},
		{
			"from": [4.27994, 16.25, 3.5355],
			"to": [4.73828, 16.41667, 4.05894],
			"rotation": {"angle": 0, "axis": "y", "origin": [5.70355, 16.61666, 5.2855]},
			"faces": {
				"north": {"uv": [9, 9, 8, 8], "rotation": 270, "texture": "#0"},
				"east": {"uv": [9, 9, 8, 8], "rotation": 270, "texture": "#0"},
				"south": {"uv": [9, 9, 8, 8], "rotation": 270, "texture": "#0"},
				"west": {"uv": [9, 9, 8, 8], "rotation": 270, "texture": "#0"},
				"up": {"uv": [9, 9, 8, 8], "rotation": 180, "texture": "#0"},
				"down": {"uv": [9, 9, 8, 8], "texture": "#0"}
			}
		},
		{
			"from": [4.27994, 16.25, 3.36883],
			"to": [4.57161, 16.41667, 3.89227],
			"rotation": {"angle": 0, "axis": "y", "origin": [5.70355, 16.61666, 5.11883]},
			"faces": {
				"north": {"uv": [9, 9, 8, 8], "rotation": 270, "texture": "#0"},
				"east": {"uv": [9, 9, 8, 8], "rotation": 270, "texture": "#0"},
				"south": {"uv": [9, 9, 8, 8], "rotation": 270, "texture": "#0"},
				"west": {"uv": [9, 9, 8, 8], "rotation": 270, "texture": "#0"},
				"up": {"uv": [9, 9, 8, 8], "rotation": 180, "texture": "#0"},
				"down": {"uv": [9, 9, 8, 8], "texture": "#0"}
			}
		},
		{
			"from": [4.27994, 16.25, 3.86883],
			"to": [4.57161, 16.41667, 4.39227],
			"rotation": {"angle": 0, "axis": "y", "origin": [5.70355, 16.61666, 5.61883]},
			"faces": {
				"north": {"uv": [9, 9, 8, 8], "rotation": 270, "texture": "#0"},
				"east": {"uv": [9, 9, 8, 8], "rotation": 270, "texture": "#0"},
				"south": {"uv": [9, 9, 8, 8], "rotation": 270, "texture": "#0"},
				"west": {"uv": [9, 9, 8, 8], "rotation": 270, "texture": "#0"},
				"up": {"uv": [9, 9, 8, 8], "rotation": 180, "texture": "#0"},
				"down": {"uv": [9, 9, 8, 8], "texture": "#0"}
			}
		},
		{
			"from": [4.27994, 16.25, 3.5355],
			"to": [4.73828, 16.41667, 4.05894],
			"rotation": {"angle": 0, "axis": "y", "origin": [5.70355, 16.61666, 5.2855]},
			"faces": {
				"north": {"uv": [9, 9, 8, 8], "rotation": 270, "texture": "#0"},
				"east": {"uv": [9, 9, 8, 8], "rotation": 270, "texture": "#0"},
				"south": {"uv": [9, 9, 8, 8], "rotation": 270, "texture": "#0"},
				"west": {"uv": [9, 9, 8, 8], "rotation": 270, "texture": "#0"},
				"up": {"uv": [9, 9, 8, 8], "rotation": 180, "texture": "#0"},
				"down": {"uv": [9, 9, 8, 8], "texture": "#0"}
			}
		},
		{
			"from": [4.27994, 16.25, 3.36883],
			"to": [4.57161, 16.41667, 3.89227],
			"rotation": {"angle": 0, "axis": "y", "origin": [5.70355, 16.61666, 5.11883]},
			"faces": {
				"north": {"uv": [9, 9, 8, 8], "rotation": 270, "texture": "#0"},
				"east": {"uv": [9, 9, 8, 8], "rotation": 270, "texture": "#0"},
				"south": {"uv": [9, 9, 8, 8], "rotation": 270, "texture": "#0"},
				"west": {"uv": [9, 9, 8, 8], "rotation": 270, "texture": "#0"},
				"up": {"uv": [9, 9, 8, 8], "rotation": 180, "texture": "#0"},
				"down": {"uv": [9, 9, 8, 8], "texture": "#0"}
			}
		},
		{
			"from": [4.27994, 16.25, 3.86883],
			"to": [4.57161, 16.41667, 4.39227],
			"rotation": {"angle": 0, "axis": "y", "origin": [5.70355, 16.61666, 5.61883]},
			"faces": {
				"north": {"uv": [9, 9, 8, 8], "rotation": 270, "texture": "#0"},
				"east": {"uv": [9, 9, 8, 8], "rotation": 270, "texture": "#0"},
				"south": {"uv": [9, 9, 8, 8], "rotation": 270, "texture": "#0"},
				"west": {"uv": [9, 9, 8, 8], "rotation": 270, "texture": "#0"},
				"up": {"uv": [9, 9, 8, 8], "rotation": 180, "texture": "#0"},
				"down": {"uv": [9, 9, 8, 8], "texture": "#0"}
			}
		},
		{
			"from": [11.78472, 16.25, 2.19305],
			"to": [13.11805, 16.41667, 2.73472],
			"rotation": {"angle": 0, "axis": "y", "origin": [12.03472, 16.61666, 1.39444]},
			"faces": {
				"north": {"uv": [9, 9, 8, 8], "rotation": 270, "texture": "#0"},
				"east": {"uv": [9, 9, 8, 8], "rotation": 270, "texture": "#0"},
				"south": {"uv": [9, 9, 8, 8], "rotation": 270, "texture": "#0"},
				"west": {"uv": [9, 9, 8, 8], "rotation": 270, "texture": "#0"},
				"up": {"uv": [9, 9, 8, 8], "rotation": 180, "texture": "#0"},
				"down": {"uv": [9, 9, 8, 8], "texture": "#0"}
			}
		},
		{
			"from": [11.78472, 16.25, 4.85972],
			"to": [13.11805, 16.41667, 5.40138],
			"rotation": {"angle": 0, "axis": "y", "origin": [12.03472, 16.61666, 4.0611]},
			"faces": {
				"north": {"uv": [9, 9, 8, 8], "rotation": 270, "texture": "#0"},
				"east": {"uv": [9, 9, 8, 8], "rotation": 270, "texture": "#0"},
				"south": {"uv": [9, 9, 8, 8], "rotation": 270, "texture": "#0"},
				"west": {"uv": [9, 9, 8, 8], "rotation": 270, "texture": "#0"},
				"up": {"uv": [9, 9, 8, 8], "rotation": 180, "texture": "#0"},
				"down": {"uv": [9, 9, 8, 8], "texture": "#0"}
			}
		},
		{
			"from": [14.20139, 16.25, 4.2486],
			"to": [14.70139, 16.41667, 4.70694],
			"rotation": {"angle": 22.5, "axis": "y", "origin": [14.45139, 16.61666, 3.42222]},
			"faces": {
				"north": {"uv": [9, 9, 8, 8], "rotation": 270, "texture": "#0"},
				"east": {"uv": [9, 9, 8, 8], "rotation": 270, "texture": "#0"},
				"south": {"uv": [9, 9, 8, 8], "rotation": 270, "texture": "#0"},
				"west": {"uv": [9, 9, 8, 8], "rotation": 270, "texture": "#0"},
				"up": {"uv": [9, 9, 8, 8], "rotation": 180, "texture": "#0"},
				"down": {"uv": [9, 9, 8, 8], "texture": "#0"}
			}
		},
		{
			"from": [14.03472, 16.25, 4.77638],
			"to": [14.53472, 16.41667, 5.56805],
			"rotation": {"angle": 45, "axis": "y", "origin": [14.28472, 16.61666, 3.92222]},
			"faces": {
				"north": {"uv": [9, 9, 8, 8], "rotation": 270, "texture": "#0"},
				"east": {"uv": [9, 9, 8, 8], "rotation": 270, "texture": "#0"},
				"south": {"uv": [9, 9, 8, 8], "rotation": 270, "texture": "#0"},
				"west": {"uv": [9, 9, 8, 8], "rotation": 270, "texture": "#0"},
				"up": {"uv": [9, 9, 8, 8], "rotation": 180, "texture": "#0"},
				"down": {"uv": [9, 9, 8, 8], "texture": "#0"}
			}
		},
		{
			"from": [15.44444, 16.25, 4.36666],
			"to": [15.875, 16.41667, 4.86666],
			"rotation": {"angle": -22.5, "axis": "y", "origin": [14.36805, 16.61666, 4.61666]},
			"faces": {
				"north": {"uv": [9, 9, 8, 8], "rotation": 270, "texture": "#0"},
				"east": {"uv": [9, 9, 8, 8], "rotation": 270, "texture": "#0"},
				"south": {"uv": [9, 9, 8, 8], "rotation": 270, "texture": "#0"},
				"west": {"uv": [9, 9, 8, 8], "rotation": 270, "texture": "#0"},
				"up": {"uv": [9, 9, 8, 8], "rotation": 180, "texture": "#0"},
				"down": {"uv": [9, 9, 8, 8], "texture": "#0"}
			}
		},
		{
			"from": [15.66666, 16.25, 4.92222],
			"to": [16.31944, 16.41667, 5.42222],
			"rotation": {"angle": 0, "axis": "y", "origin": [14.53472, 16.61666, 5.17222]},
			"faces": {
				"north": {"uv": [9, 9, 8, 8], "rotation": 270, "texture": "#0"},
				"east": {"uv": [9, 9, 8, 8], "rotation": 270, "texture": "#0"},
				"south": {"uv": [9, 9, 8, 8], "rotation": 270, "texture": "#0"},
				"west": {"uv": [9, 9, 8, 8], "rotation": 270, "texture": "#0"},
				"up": {"uv": [9, 9, 8, 8], "rotation": 180, "texture": "#0"},
				"down": {"uv": [9, 9, 8, 8], "texture": "#0"}
			}
		},
		{
			"from": [16.30555, 16.25, 5.36666],
			"to": [17.06944, 16.41667, 5.86666],
			"rotation": {"angle": 22.5, "axis": "y", "origin": [15.20139, 16.61666, 5.61666]},
			"faces": {
				"north": {"uv": [9, 9, 8, 8], "rotation": 270, "texture": "#0"},
				"east": {"uv": [9, 9, 8, 8], "rotation": 270, "texture": "#0"},
				"south": {"uv": [9, 9, 8, 8], "rotation": 270, "texture": "#0"},
				"west": {"uv": [9, 9, 8, 8], "rotation": 270, "texture": "#0"},
				"up": {"uv": [9, 9, 8, 8], "rotation": 180, "texture": "#0"},
				"down": {"uv": [9, 9, 8, 8], "texture": "#0"}
			}
		},
		{
			"from": [17.15025, 16.25, 5.13122],
			"to": [17.67361, 16.41667, 5.34583],
			"rotation": {"angle": 0, "axis": "y", "origin": [-17.27084, 18.03333, 7.76249]},
			"faces": {
				"north": {"uv": [9, 9, 8, 8], "rotation": 270, "texture": "#0"},
				"east": {"uv": [9, 9, 8, 8], "rotation": 270, "texture": "#0"},
				"south": {"uv": [9, 9, 8, 8], "rotation": 270, "texture": "#0"},
				"west": {"uv": [9, 9, 8, 8], "rotation": 270, "texture": "#0"},
				"up": {"uv": [9, 9, 8, 8], "rotation": 180, "texture": "#0"},
				"down": {"uv": [9, 9, 8, 8], "texture": "#0"}
			}
		},
		{
			"from": [19.42361, 16.25, 5.13122],
			"to": [19.94696, 16.41667, 5.34583],
			"rotation": {"angle": 0, "axis": "y", "origin": [-14.99748, 18.03333, 7.76249]},
			"faces": {
				"north": {"uv": [9, 9, 8, 8], "rotation": 270, "texture": "#0"},
				"east": {"uv": [9, 9, 8, 8], "rotation": 270, "texture": "#0"},
				"south": {"uv": [9, 9, 8, 8], "rotation": 270, "texture": "#0"},
				"west": {"uv": [9, 9, 8, 8], "rotation": 270, "texture": "#0"},
				"up": {"uv": [9, 9, 8, 8], "rotation": 180, "texture": "#0"},
				"down": {"uv": [9, 9, 8, 8], "texture": "#0"}
			}
		},
		{
			"from": [18.34614, 16.25, 2.24409],
			"to": [18.75108, 16.41667, 2.79027],
			"rotation": {"angle": 0, "axis": "y", "origin": [-15.63637, 18.03333, 7.04027]},
			"faces": {
				"north": {"uv": [9, 9, 8, 8], "rotation": 270, "texture": "#0"},
				"east": {"uv": [9, 9, 8, 8], "rotation": 270, "texture": "#0"},
				"south": {"uv": [9, 9, 8, 8], "rotation": 270, "texture": "#0"},
				"west": {"uv": [9, 9, 8, 8], "rotation": 270, "texture": "#0"},
				"up": {"uv": [9, 9, 8, 8], "rotation": 180, "texture": "#0"},
				"down": {"uv": [9, 9, 8, 8], "texture": "#0"}
			}
		},
		{
			"from": [17.78472, 16.25, 4.07566],
			"to": [19.30808, 16.41667, 4.6236],
			"rotation": {"angle": 0, "axis": "y", "origin": [-15.63637, 18.03333, 7.04027]},
			"faces": {
				"north": {"uv": [9, 9, 8, 8], "rotation": 270, "texture": "#0"},
				"east": {"uv": [9, 9, 8, 8], "rotation": 270, "texture": "#0"},
				"south": {"uv": [9, 9, 8, 8], "rotation": 270, "texture": "#0"},
				"west": {"uv": [9, 9, 8, 8], "rotation": 270, "texture": "#0"},
				"up": {"uv": [9, 9, 8, 8], "rotation": 180, "texture": "#0"},
				"down": {"uv": [9, 9, 8, 8], "texture": "#0"}
			}
		},
		{
			"from": [20.0625, 16.25, 2.22083],
			"to": [20.5625, 16.41667, 5.34583],
			"rotation": {"angle": 0, "axis": "y", "origin": [-17.27084, 18.03333, 7.76249]},
			"faces": {
				"north": {"uv": [9, 9, 8, 8], "rotation": 270, "texture": "#0"},
				"east": {"uv": [9, 9, 8, 8], "rotation": 270, "texture": "#0"},
				"south": {"uv": [9, 9, 8, 8], "rotation": 270, "texture": "#0"},
				"west": {"uv": [9, 9, 8, 8], "rotation": 270, "texture": "#0"},
				"up": {"uv": [9, 9, 8, 8], "rotation": 180, "texture": "#0"},
				"down": {"uv": [9, 9, 8, 8], "texture": "#0"}
			}
		},
		{
			"from": [20.0625, 16.25, 3.59582],
			"to": [21.28472, 16.41667, 4.13749],
			"rotation": {"angle": 0, "axis": "y", "origin": [-17.27084, 18.03333, -1.40418]},
			"faces": {
				"north": {"uv": [9, 9, 8, 8], "rotation": 270, "texture": "#0"},
				"east": {"uv": [9, 9, 8, 8], "rotation": 270, "texture": "#0"},
				"south": {"uv": [9, 9, 8, 8], "rotation": 270, "texture": "#0"},
				"west": {"uv": [9, 9, 8, 8], "rotation": 270, "texture": "#0"},
				"up": {"uv": [9, 9, 8, 8], "rotation": 180, "texture": "#0"},
				"down": {"uv": [9, 9, 8, 8], "texture": "#0"}
			}
		},
		{
			"from": [21.1409, 16.25, 3.41446],
			"to": [21.3909, 16.41667, 3.95613],
			"rotation": {"angle": 22.5, "axis": "y", "origin": [21.66868, 16.61666, 3.6853]},
			"faces": {
				"north": {"uv": [9, 9, 8, 8], "rotation": 270, "texture": "#0"},
				"east": {"uv": [9, 9, 8, 8], "rotation": 270, "texture": "#0"},
				"south": {"uv": [9, 9, 8, 8], "rotation": 270, "texture": "#0"},
				"west": {"uv": [9, 9, 8, 8], "rotation": 270, "texture": "#0"},
				"up": {"uv": [9, 9, 8, 8], "rotation": 180, "texture": "#0"},
				"down": {"uv": [9, 9, 8, 8], "texture": "#0"}
			}
		},
		{
			"from": [20.0625, 16.25, 2.22083],
			"to": [21.28472, 16.41667, 2.76249],
			"rotation": {"angle": 0, "axis": "y", "origin": [-17.27084, 18.03333, 7.76249]},
			"faces": {
				"north": {"uv": [9, 9, 8, 8], "rotation": 270, "texture": "#0"},
				"east": {"uv": [9, 9, 8, 8], "rotation": 270, "texture": "#0"},
				"south": {"uv": [9, 9, 8, 8], "rotation": 270, "texture": "#0"},
				"west": {"uv": [9, 9, 8, 8], "rotation": 270, "texture": "#0"},
				"up": {"uv": [9, 9, 8, 8], "rotation": 180, "texture": "#0"},
				"down": {"uv": [9, 9, 8, 8], "texture": "#0"}
			}
		},
		{
			"from": [21.1409, 16.25, 2.40218],
			"to": [21.3909, 16.41667, 2.94385],
			"rotation": {"angle": -22.5, "axis": "y", "origin": [21.66868, 16.61666, 2.67302]},
			"faces": {
				"north": {"uv": [9, 9, 8, 8], "rotation": 270, "texture": "#0"},
				"east": {"uv": [9, 9, 8, 8], "rotation": 270, "texture": "#0"},
				"south": {"uv": [9, 9, 8, 8], "rotation": 270, "texture": "#0"},
				"west": {"uv": [9, 9, 8, 8], "rotation": 270, "texture": "#0"},
				"up": {"uv": [9, 9, 8, 8], "rotation": 180, "texture": "#0"},
				"down": {"uv": [9, 9, 8, 8], "texture": "#0"}
			}
		},
		{
			"from": [21.37339, 16.25, 2.55674],
			"to": [21.91505, 16.41667, 2.80674],
			"rotation": {"angle": 22.5, "axis": "y", "origin": [21.64422, 16.61666, 3.08452]},
			"faces": {
				"north": {"uv": [9, 9, 8, 8], "rotation": 270, "texture": "#0"},
				"east": {"uv": [9, 9, 8, 8], "rotation": 270, "texture": "#0"},
				"south": {"uv": [9, 9, 8, 8], "rotation": 270, "texture": "#0"},
				"west": {"uv": [9, 9, 8, 8], "rotation": 270, "texture": "#0"},
				"up": {"uv": [9, 9, 8, 8], "rotation": 180, "texture": "#0"},
				"down": {"uv": [9, 9, 8, 8], "texture": "#0"}
			}
		},
		{
			"from": [21.1696, 16.25, 2.61037],
			"to": [21.4196, 16.41667, 3.15203],
			"rotation": {"angle": -45, "axis": "y", "origin": [21.69738, 16.61666, 2.8812]},
			"faces": {
				"north": {"uv": [9, 9, 8, 8], "rotation": 270, "texture": "#0"},
				"east": {"uv": [9, 9, 8, 8], "rotation": 270, "texture": "#0"},
				"south": {"uv": [9, 9, 8, 8], "rotation": 270, "texture": "#0"},
				"west": {"uv": [9, 9, 8, 8], "rotation": 270, "texture": "#0"},
				"up": {"uv": [9, 9, 8, 8], "rotation": 180, "texture": "#0"},
				"down": {"uv": [9, 9, 8, 8], "texture": "#0"}
			}
		},
		{
			"from": [21.24647, 16.25, 2.72424],
			"to": [21.78814, 16.41667, 3.64091],
			"rotation": {"angle": 0, "axis": "y", "origin": [21.5173, 16.61666, 3.25202]},
			"faces": {
				"north": {"uv": [9, 9, 8, 8], "rotation": 270, "texture": "#0"},
				"east": {"uv": [9, 9, 8, 8], "rotation": 270, "texture": "#0"},
				"south": {"uv": [9, 9, 8, 8], "rotation": 270, "texture": "#0"},
				"west": {"uv": [9, 9, 8, 8], "rotation": 270, "texture": "#0"},
				"up": {"uv": [9, 9, 8, 8], "rotation": 180, "texture": "#0"},
				"down": {"uv": [9, 9, 8, 8], "texture": "#0"}
			}
		},
		{
			"from": [21.37339, 16.25, 3.55157],
			"to": [21.91505, 16.41667, 3.80157],
			"rotation": {"angle": -22.5, "axis": "y", "origin": [21.64422, 16.61666, 3.27379]},
			"faces": {
				"north": {"uv": [9, 9, 8, 8], "rotation": 270, "texture": "#0"},
				"east": {"uv": [9, 9, 8, 8], "rotation": 270, "texture": "#0"},
				"south": {"uv": [9, 9, 8, 8], "rotation": 270, "texture": "#0"},
				"west": {"uv": [9, 9, 8, 8], "rotation": 270, "texture": "#0"},
				"up": {"uv": [9, 9, 8, 8], "rotation": 180, "texture": "#0"},
				"down": {"uv": [9, 9, 8, 8], "texture": "#0"}
			}
		},
		{
			"from": [21.1696, 16.25, 3.20628],
			"to": [21.4196, 16.41667, 3.74795],
			"rotation": {"angle": 45, "axis": "y", "origin": [21.69738, 16.61666, 3.47711]},
			"faces": {
				"north": {"uv": [9, 9, 8, 8], "rotation": 270, "texture": "#0"},
				"east": {"uv": [9, 9, 8, 8], "rotation": 270, "texture": "#0"},
				"south": {"uv": [9, 9, 8, 8], "rotation": 270, "texture": "#0"},
				"west": {"uv": [9, 9, 8, 8], "rotation": 270, "texture": "#0"},
				"up": {"uv": [9, 9, 8, 8], "rotation": 180, "texture": "#0"},
				"down": {"uv": [9, 9, 8, 8], "texture": "#0"}
			}
		}
	],
	"display": {
		"thirdperson_righthand": {
			"scale": [0.43, 0.43, 0.43]
		},
		"firstperson_righthand": {
			"rotation": [0, 13, 0],
			"translation": [0, -2.25, 0],
			"scale": [0.57, 0.57, 0.57]
		},
		"gui": {
			"rotation": [51, -133, 0],
			"translation": [0.5, -1, -0.75],
			"scale": [0.55, 0.55, 0.55]
		}
	},
	"groups": [0, 1, 2, 3, 4, 5, 6, 7, 8, 9, 10, 11, 12, 13, 14, 15, 16, 17, 18, 19, 20, 21, 22, 23, 24, 25, 26, 27, 28, 29, 30, 31, 32, 33, 34, 35, 36, 37, 38, 39, 40, 41, 42, 43, 44, 45, 46, 47, 48, 49, 50, 51, 52, 53, 54,
		{
			"name": "P",
			"origin": [3.71462, 19.25, 21.30155],
			"color": 0,
			"children": [55, 56, 57, 58, 59, 60, 61, 62, 63, 64, 65, 66, 67, 68, 69, 70, 71, 72, 73, 74, 75, 76, 77, 78, 79, 80, 81, 82, 83, 84, 85, 86, 87, 88, 89, 90, 91, 92, 93, 94, 95, 96, 97, 98, 99, 100, 101, 102, 103, 104, 105, 106, 107, 108, 109, 110, 111, 112, 113, 114, 115, 116, 117, 118, 119]
		}
	]
}