{
	"credit": "Made with Blockbench",
	"textures": {
		"0": "tutorialmod:block/tube_platforms/platform_edge",
		"1": "tutorialmod:block/tube_platforms/dont_pass_the_yellow_line",
		"2": "tutorialmod:block/tube_platforms/platform",
		"3": "tutorialmod:block/tube_platforms/tactile_pavement",
		"4": "block/polished_blackstone",
		"particle": "tutorialmod:block/tube_platforms/platform_edge"
	},
	"elements": [
		{
			"from": [0, 13.25, 0],
			"to": [16, 16.25, 2],
			"faces": {
				"north": {"uv": [0, 8, 16, 10.75], "texture": "#0"},
				"east": {"uv": [14, 0, 16, 2.75], "texture": "#0"},
				"south": {"uv": [0, 0, 16, 2.75], "texture": "#0"},
				"west": {"uv": [0, 0, 2, 2.75], "texture": "#0"},
				"up": {"uv": [0, 13, 16, 15], "texture": "#0"},
				"down": {"uv": [0, 14, 16, 16], "texture": "#0"}
			}
		},
		{
			"from": [0, 13.25, 2],
			"to": [16, 15.25, 16],
			"faces": {
				"north": {"uv": [0, 0.75, 16, 2.75], "texture": "#2"},
				"east": {"uv": [0, 0.75, 14, 2.75], "texture": "#2"},
				"south": {"uv": [0, 0.75, 16, 2.75], "texture": "#2"},
				"west": {"uv": [2, 0.75, 16, 2.75], "texture": "#2"},
				"up": {"uv": [0, 2, 16, 16], "texture": "#2"},
				"down": {"uv": [0, 0, 16, 14], "texture": "#2"}
			}
		},
		{
			"from": [0, 0, 5.75],
			"to": [16, 13.25, 16],
			"faces": {
				"north": {"uv": [0, 2.75, 16, 16], "texture": "#4"},
				"east": {"uv": [0, 2.75, 10.5, 16], "texture": "#2"},
				"south": {"uv": [0, 2.75, 16, 16], "texture": "#2"},
				"west": {"uv": [5.5, 2.75, 16, 16], "texture": "#2"},
				"up": {"uv": [0, 5.5, 16, 16], "texture": "#4"},
				"down": {"uv": [0, 0, 16, 10.5], "texture": "#2"}
			}
		},
		{
			"from": [0, 0, 5.5],
			"to": [16, 13.25, 5.75],
			"faces": {
				"north": {"uv": [0, 2.75, 16, 16], "texture": "#4"},
				"east": {"uv": [10.25, 2.75, 10.5, 16], "texture": "#4"},
				"south": {"uv": [0, 2.75, 16, 16], "texture": "#4"},
				"west": {"uv": [5.5, 2.75, 5.75, 16], "texture": "#4"},
				"up": {"uv": [0, 5.5, 16, 16], "texture": "#4"},
				"down": {"uv": [0, 10.25, 16, 10.5], "texture": "#4"}
			}
		},
		{
			"from": [0, 16, 4.25],
			"to": [16, 16.25, 4.5],
			"faces": {
				"north": {"uv": [0, 4.75, 16, 5], "texture": "#2"},
				"east": {"uv": [11.5, 4.75, 11.75, 5], "texture": "#2"},
				"south": {"uv": [0, 4.75, 16, 5], "texture": "#2"},
				"west": {"uv": [4.25, 4.75, 4.5, 5], "texture": "#2"},
				"up": {"uv": [0, 4.25, 16, 4.5], "texture": "#2"},
				"down": {"uv": [0, 11.5, 16, 11.75], "texture": "#2"}
			}
		},
		{
			"from": [0, 15.25, 5.5],
			"to": [16, 16.25, 8],
			"faces": {
				"north": {"uv": [0, 0, 16, 0.75], "texture": "#1"},
				"east": {"uv": [8, 0, 10.5, 0.75], "texture": "#1"},
				"south": {"uv": [0, 0, 16, 0.75], "texture": "#1"},
				"west": {"uv": [5.5, 0, 8, 0.75], "texture": "#1"},
				"up": {"uv": [0, 0, 16, 2.5], "texture": "#1"},
				"down": {"uv": [0, 8, 16, 10.5], "texture": "#1"}
			}
		},
		{
			"from": [0, 16, 11.75],
			"to": [16, 16.25, 17],
			"faces": {
				"north": {"uv": [0, 0, 16, 0.75], "texture": "#3"},
				"east": {"uv": [0, 0, 4.25, 0.75], "texture": "#3"},
				"south": {"uv": [0, 0, 16, 0.75], "texture": "#3"},
				"west": {"uv": [11.75, 0, 16, 0.75], "texture": "#3"},
				"up": {"uv": [0, 9, 16, 13.25], "texture": "#3"},
				"down": {"uv": [0, 0, 16, 4.25], "texture": "#3"}
			}
		},
		{
			"from": [14.4, 15.5, 12],
			"to": [15.25, 16.4, 12.85],
			"faces": {
				"north": {"uv": [0.75, 0, 1.6, 0.5], "texture": "#3"},
				"east": {"uv": [3.15, 0, 4, 0.5], "texture": "#3"},
				"south": {"uv": [14.4, 0, 15.25, 0.5], "texture": "#3"},
				"west": {"uv": [12, 0, 12.85, 0.5], "texture": "#3"},
				"up": {"uv": [14.4, 12, 15.25, 12.85], "texture": "#3"},
				"down": {"uv": [14.4, 3.15, 15.25, 4], "texture": "#3"}
			}
		},
		{
			"from": [12.4, 15.5, 12],
			"to": [13.25, 16.4, 12.85],
			"faces": {
				"north": {"uv": [2.75, 0, 3.6, 0.5], "texture": "#3"},
				"east": {"uv": [3.15, 0, 4, 0.5], "texture": "#3"},
				"south": {"uv": [12.4, 0, 13.25, 0.5], "texture": "#3"},
				"west": {"uv": [12, 0, 12.85, 0.5], "texture": "#3"},
				"up": {"uv": [12.4, 12, 13.25, 12.85], "texture": "#3"},
				"down": {"uv": [12.4, 3.15, 13.25, 4], "texture": "#3"}
			}
		},
		{
			"from": [8.4, 15.5, 12],
			"to": [9.25, 16.4, 12.85],
			"faces": {
				"north": {"uv": [6.75, 0, 7.6, 0.5], "texture": "#3"},
				"east": {"uv": [3.15, 0, 4, 0.5], "texture": "#3"},
				"south": {"uv": [8.4, 0, 9.25, 0.5], "texture": "#3"},
				"west": {"uv": [12, 0, 12.85, 0.5], "texture": "#3"},
				"up": {"uv": [8.4, 12, 9.25, 12.85], "texture": "#3"},
				"down": {"uv": [8.4, 3.15, 9.25, 4], "texture": "#3"}
			}
		},
		{
			"from": [10.4, 15.5, 12],
			"to": [11.25, 16.4, 12.85],
			"faces": {
				"north": {"uv": [4.75, 0, 5.6, 0.5], "texture": "#3"},
				"east": {"uv": [3.15, 0, 4, 0.5], "texture": "#3"},
				"south": {"uv": [10.4, 0, 11.25, 0.5], "texture": "#3"},
				"west": {"uv": [12, 0, 12.85, 0.5], "texture": "#3"},
				"up": {"uv": [10.4, 12, 11.25, 12.85], "texture": "#3"},
				"down": {"uv": [10.4, 3.15, 11.25, 4], "texture": "#3"}
			}
		},
		{
			"from": [0.4, 15.5, 12],
			"to": [1.25, 16.4, 12.85],
			"faces": {
				"north": {"uv": [14.75, 0, 15.6, 0.5], "texture": "#3"},
				"east": {"uv": [3.15, 0, 4, 0.5], "texture": "#3"},
				"south": {"uv": [0.4, 0, 1.25, 0.5], "texture": "#3"},
				"west": {"uv": [12, 0, 12.85, 0.5], "texture": "#3"},
				"up": {"uv": [0.4, 12, 1.25, 12.85], "texture": "#3"},
				"down": {"uv": [0.4, 3.15, 1.25, 4], "texture": "#3"}
			}
		},
		{
			"from": [2.4, 15.5, 12],
			"to": [3.25, 16.4, 12.85],
			"faces": {
				"north": {"uv": [12.75, 0, 13.6, 0.5], "texture": "#3"},
				"east": {"uv": [3.15, 0, 4, 0.5], "texture": "#3"},
				"south": {"uv": [2.4, 0, 3.25, 0.5], "texture": "#3"},
				"west": {"uv": [12, 0, 12.85, 0.5], "texture": "#3"},
				"up": {"uv": [2.4, 12, 3.25, 12.85], "texture": "#3"},
				"down": {"uv": [2.4, 3.15, 3.25, 4], "texture": "#3"}
			}
		},
		{
			"from": [4.4, 15.5, 12],
			"to": [5.25, 16.4, 12.85],
			"faces": {
				"north": {"uv": [10.75, 0, 11.6, 0.5], "texture": "#3"},
				"east": {"uv": [3.15, 0, 4, 0.5], "texture": "#3"},
				"south": {"uv": [4.4, 0, 5.25, 0.5], "texture": "#3"},
				"west": {"uv": [12, 0, 12.85, 0.5], "texture": "#3"},
				"up": {"uv": [4.4, 12, 5.25, 12.85], "texture": "#3"},
				"down": {"uv": [4.4, 3.15, 5.25, 4], "texture": "#3"}
			}
		},
		{
			"from": [6.4, 15.5, 12],
			"to": [7.25, 16.4, 12.85],
			"faces": {
				"north": {"uv": [8.75, 0, 9.6, 0.5], "texture": "#3"},
				"east": {"uv": [3.15, 0, 4, 0.5], "texture": "#3"},
				"south": {"uv": [6.4, 0, 7.25, 0.5], "texture": "#3"},
				"west": {"uv": [12, 0, 12.85, 0.5], "texture": "#3"},
				"up": {"uv": [6.4, 12, 7.25, 12.85], "texture": "#3"},
				"down": {"uv": [6.4, 3.15, 7.25, 4], "texture": "#3"}
			}
		},
		{
			"from": [14.9, 15.5, 13.25],
			"to": [15.75, 16.4, 14.1],
			"faces": {
				"north": {"uv": [0.25, 0, 1.1, 0.5], "texture": "#3"},
				"east": {"uv": [1.9, 0, 2.75, 0.5], "texture": "#3"},
				"south": {"uv": [14.9, 0, 15.75, 0.5], "texture": "#3"},
				"west": {"uv": [13.25, 0, 14.1, 0.5], "texture": "#3"},
				"up": {"uv": [14.9, 13.25, 15.75, 14.1], "texture": "#3"},
				"down": {"uv": [14.9, 1.9, 15.75, 2.75], "texture": "#3"}
			}
		},
		{
			"from": [12.9, 15.5, 13.25],
			"to": [13.75, 16.4, 14.1],
			"faces": {
				"north": {"uv": [2.25, 0, 3.1, 0.5], "texture": "#3"},
				"east": {"uv": [1.9, 0, 2.75, 0.5], "texture": "#3"},
				"south": {"uv": [12.9, 0, 13.75, 0.5], "texture": "#3"},
				"west": {"uv": [13.25, 0, 14.1, 0.5], "texture": "#3"},
				"up": {"uv": [12.9, 13.25, 13.75, 14.1], "texture": "#3"},
				"down": {"uv": [12.9, 1.9, 13.75, 2.75], "texture": "#3"}
			}
		},
		{
			"from": [10.9, 15.5, 13.25],
			"to": [11.75, 16.4, 14.1],
			"faces": {
				"north": {"uv": [4.25, 0, 5.1, 0.5], "texture": "#3"},
				"east": {"uv": [1.9, 0, 2.75, 0.5], "texture": "#3"},
				"south": {"uv": [10.9, 0, 11.75, 0.5], "texture": "#3"},
				"west": {"uv": [13.25, 0, 14.1, 0.5], "texture": "#3"},
				"up": {"uv": [10.9, 13.25, 11.75, 14.1], "texture": "#3"},
				"down": {"uv": [10.9, 1.9, 11.75, 2.75], "texture": "#3"}
			}
		},
		{
			"from": [8.9, 15.5, 13.25],
			"to": [9.75, 16.4, 14.1],
			"faces": {
				"north": {"uv": [6.25, 0, 7.1, 0.5], "texture": "#3"},
				"east": {"uv": [1.9, 0, 2.75, 0.5], "texture": "#3"},
				"south": {"uv": [8.9, 0, 9.75, 0.5], "texture": "#3"},
				"west": {"uv": [13.25, 0, 14.1, 0.5], "texture": "#3"},
				"up": {"uv": [8.9, 13.25, 9.75, 14.1], "texture": "#3"},
				"down": {"uv": [8.9, 1.9, 9.75, 2.75], "texture": "#3"}
			}
		},
		{
			"from": [6.9, 15.5, 13.25],
			"to": [7.75, 16.4, 14.1],
			"faces": {
				"north": {"uv": [8.25, 0, 9.1, 0.5], "texture": "#3"},
				"east": {"uv": [1.9, 0, 2.75, 0.5], "texture": "#3"},
				"south": {"uv": [6.9, 0, 7.75, 0.5], "texture": "#3"},
				"west": {"uv": [13.25, 0, 14.1, 0.5], "texture": "#3"},
				"up": {"uv": [6.9, 13.25, 7.75, 14.1], "texture": "#3"},
				"down": {"uv": [6.9, 1.9, 7.75, 2.75], "texture": "#3"}
			}
		},
		{
			"from": [4.9, 15.5, 13.25],
			"to": [5.75, 16.4, 14.1],
			"faces": {
				"north": {"uv": [10.25, 0, 11.1, 0.5], "texture": "#3"},
				"east": {"uv": [1.9, 0, 2.75, 0.5], "texture": "#3"},
				"south": {"uv": [4.9, 0, 5.75, 0.5], "texture": "#3"},
				"west": {"uv": [13.25, 0, 14.1, 0.5], "texture": "#3"},
				"up": {"uv": [4.9, 13.25, 5.75, 14.1], "texture": "#3"},
				"down": {"uv": [4.9, 1.9, 5.75, 2.75], "texture": "#3"}
			}
		},
		{
			"from": [2.9, 15.5, 13.25],
			"to": [3.75, 16.4, 14.1],
			"faces": {
				"north": {"uv": [12.25, 0, 13.1, 0.5], "texture": "#3"},
				"east": {"uv": [1.9, 0, 2.75, 0.5], "texture": "#3"},
				"south": {"uv": [2.9, 0, 3.75, 0.5], "texture": "#3"},
				"west": {"uv": [13.25, 0, 14.1, 0.5], "texture": "#3"},
				"up": {"uv": [2.9, 13.25, 3.75, 14.1], "texture": "#3"},
				"down": {"uv": [2.9, 1.9, 3.75, 2.75], "texture": "#3"}
			}
		},
		{
			"from": [0.9, 15.5, 13.25],
			"to": [1.75, 16.4, 14.1],
			"faces": {
				"north": {"uv": [14.25, 0, 15.1, 0.5], "texture": "#3"},
				"east": {"uv": [1.9, 0, 2.75, 0.5], "texture": "#3"},
				"south": {"uv": [0.9, 0, 1.75, 0.5], "texture": "#3"},
				"west": {"uv": [13.25, 0, 14.1, 0.5], "texture": "#3"},
				"up": {"uv": [0.9, 13.25, 1.75, 14.1], "texture": "#3"},
				"down": {"uv": [0.9, 1.9, 1.75, 2.75], "texture": "#3"}
			}
		},
		{
			"from": [14.4, 15.5, 14.5],
			"to": [15.25, 16.4, 15.35],
			"faces": {
				"north": {"uv": [0.75, 0, 1.6, 0.5], "texture": "#3"},
				"east": {"uv": [0.65, 0, 1.5, 0.5], "texture": "#3"},
				"south": {"uv": [14.4, 0, 15.25, 0.5], "texture": "#3"},
				"west": {"uv": [14.5, 0, 15.35, 0.5], "texture": "#3"},
				"up": {"uv": [14.4, 14.5, 15.25, 15.35], "texture": "#3"},
				"down": {"uv": [14.4, 0.65, 15.25, 1.5], "texture": "#3"}
			}
		},
		{
			"from": [12.4, 15.5, 14.5],
			"to": [13.25, 16.4, 15.35],
			"faces": {
				"north": {"uv": [2.75, 0, 3.6, 0.5], "texture": "#3"},
				"east": {"uv": [0.65, 0, 1.5, 0.5], "texture": "#3"},
				"south": {"uv": [12.4, 0, 13.25, 0.5], "texture": "#3"},
				"west": {"uv": [14.5, 0, 15.35, 0.5], "texture": "#3"},
				"up": {"uv": [12.4, 14.5, 13.25, 15.35], "texture": "#3"},
				"down": {"uv": [12.4, 0.65, 13.25, 1.5], "texture": "#3"}
			}
		},
		{
			"from": [10.4, 15.5, 14.5],
			"to": [11.25, 16.4, 15.35],
			"faces": {
				"north": {"uv": [4.75, 0, 5.6, 0.5], "texture": "#3"},
				"east": {"uv": [0.65, 0, 1.5, 0.5], "texture": "#3"},
				"south": {"uv": [10.4, 0, 11.25, 0.5], "texture": "#3"},
				"west": {"uv": [14.5, 0, 15.35, 0.5], "texture": "#3"},
				"up": {"uv": [10.4, 14.5, 11.25, 15.35], "texture": "#3"},
				"down": {"uv": [10.4, 0.65, 11.25, 1.5], "texture": "#3"}
			}
		},
		{
			"from": [8.4, 15.5, 14.5],
			"to": [9.25, 16.4, 15.35],
			"faces": {
				"north": {"uv": [6.75, 0, 7.6, 0.5], "texture": "#3"},
				"east": {"uv": [0.65, 0, 1.5, 0.5], "texture": "#3"},
				"south": {"uv": [8.4, 0, 9.25, 0.5], "texture": "#3"},
				"west": {"uv": [14.5, 0, 15.35, 0.5], "texture": "#3"},
				"up": {"uv": [8.4, 14.5, 9.25, 15.35], "texture": "#3"},
				"down": {"uv": [8.4, 0.65, 9.25, 1.5], "texture": "#3"}
			}
		},
		{
			"from": [6.4, 15.5, 14.5],
			"to": [7.25, 16.4, 15.35],
			"faces": {
				"north": {"uv": [8.75, 0, 9.6, 0.5], "texture": "#3"},
				"east": {"uv": [0.65, 0, 1.5, 0.5], "texture": "#3"},
				"south": {"uv": [6.4, 0, 7.25, 0.5], "texture": "#3"},
				"west": {"uv": [14.5, 0, 15.35, 0.5], "texture": "#3"},
				"up": {"uv": [6.4, 14.5, 7.25, 15.35], "texture": "#3"},
				"down": {"uv": [6.4, 0.65, 7.25, 1.5], "texture": "#3"}
			}
		},
		{
			"from": [4.4, 15.5, 14.5],
			"to": [5.25, 16.4, 15.35],
			"faces": {
				"north": {"uv": [10.75, 0, 11.6, 0.5], "texture": "#3"},
				"east": {"uv": [0.65, 0, 1.5, 0.5], "texture": "#3"},
				"south": {"uv": [4.4, 0, 5.25, 0.5], "texture": "#3"},
				"west": {"uv": [14.5, 0, 15.35, 0.5], "texture": "#3"},
				"up": {"uv": [4.4, 14.5, 5.25, 15.35], "texture": "#3"},
				"down": {"uv": [4.4, 0.65, 5.25, 1.5], "texture": "#3"}
			}
		},
		{
			"from": [2.4, 15.5, 14.5],
			"to": [3.25, 16.4, 15.35],
			"faces": {
				"north": {"uv": [12.75, 0, 13.6, 0.5], "texture": "#3"},
				"east": {"uv": [0.65, 0, 1.5, 0.5], "texture": "#3"},
				"south": {"uv": [2.4, 0, 3.25, 0.5], "texture": "#3"},
				"west": {"uv": [14.5, 0, 15.35, 0.5], "texture": "#3"},
				"up": {"uv": [2.4, 14.5, 3.25, 15.35], "texture": "#3"},
				"down": {"uv": [2.4, 0.65, 3.25, 1.5], "texture": "#3"}
			}
		},
		{
			"from": [0.4, 15.5, 14.5],
			"to": [1.25, 16.4, 15.35],
			"faces": {
				"north": {"uv": [14.75, 0, 15.6, 0.5], "texture": "#3"},
				"east": {"uv": [0.65, 0, 1.5, 0.5], "texture": "#3"},
				"south": {"uv": [0.4, 0, 1.25, 0.5], "texture": "#3"},
				"west": {"uv": [14.5, 0, 15.35, 0.5], "texture": "#3"},
				"up": {"uv": [0.4, 14.5, 1.25, 15.35], "texture": "#3"},
				"down": {"uv": [0.4, 0.65, 1.25, 1.5], "texture": "#3"}
			}
		},
		{
			"from": [0.9, 16.25, 15.75],
			"to": [1.75, 16.4, 16.6],
			"faces": {
				"north": {"uv": [14.25, 0, 15.1, 0.5], "texture": "#3"},
				"east": {"uv": [0, 0, 0.25, 0.5], "texture": "#3"},
				"south": {"uv": [0.9, 0, 1.75, 0.5], "texture": "#3"},
				"west": {"uv": [15.75, 0, 16, 0.5], "texture": "#3"},
				"up": {"uv": [0.9, 15.75, 1.75, 16], "texture": "#3"},
				"down": {"uv": [0.9, 0, 1.75, 0.25], "texture": "#3"}
			}
		},
		{
			"from": [2.9, 16.25, 15.75],
			"to": [3.75, 16.4, 16.6],
			"faces": {
				"north": {"uv": [12.25, 0, 13.1, 0.5], "texture": "#3"},
				"east": {"uv": [0, 0, 0.25, 0.5], "texture": "#3"},
				"south": {"uv": [2.9, 0, 3.75, 0.5], "texture": "#3"},
				"west": {"uv": [15.75, 0, 16, 0.5], "texture": "#3"},
				"up": {"uv": [2.9, 15.75, 3.75, 16], "texture": "#3"},
				"down": {"uv": [2.9, 0, 3.75, 0.25], "texture": "#3"}
			}
		},
		{
			"from": [4.9, 16.25, 15.75],
			"to": [5.75, 16.4, 16.6],
			"faces": {
				"north": {"uv": [10.25, 0, 11.1, 0.5], "texture": "#3"},
				"east": {"uv": [0, 0, 0.25, 0.5], "texture": "#3"},
				"south": {"uv": [4.9, 0, 5.75, 0.5], "texture": "#3"},
				"west": {"uv": [15.75, 0, 16, 0.5], "texture": "#3"},
				"up": {"uv": [4.9, 15.75, 5.75, 16], "texture": "#3"},
				"down": {"uv": [4.9, 0, 5.75, 0.25], "texture": "#3"}
			}
		},
		{
			"from": [6.9, 16.25, 15.75],
			"to": [7.75, 16.4, 16.6],
			"faces": {
				"north": {"uv": [8.25, 0, 9.1, 0.5], "texture": "#3"},
				"east": {"uv": [0, 0, 0.25, 0.5], "texture": "#3"},
				"south": {"uv": [6.9, 0, 7.75, 0.5], "texture": "#3"},
				"west": {"uv": [15.75, 0, 16, 0.5], "texture": "#3"},
				"up": {"uv": [6.9, 15.75, 7.75, 16], "texture": "#3"},
				"down": {"uv": [6.9, 0, 7.75, 0.25], "texture": "#3"}
			}
		},
		{
			"from": [8.9, 16.25, 15.75],
			"to": [9.75, 16.4, 16.6],
			"faces": {
				"north": {"uv": [6.25, 0, 7.1, 0.5], "texture": "#3"},
				"east": {"uv": [0, 0, 0.25, 0.5], "texture": "#3"},
				"south": {"uv": [8.9, 0, 9.75, 0.5], "texture": "#3"},
				"west": {"uv": [15.75, 0, 16, 0.5], "texture": "#3"},
				"up": {"uv": [8.9, 15.75, 9.75, 16], "texture": "#3"},
				"down": {"uv": [8.9, 0, 9.75, 0.25], "texture": "#3"}
			}
		},
		{
			"from": [10.9, 16.25, 15.75],
			"to": [11.75, 16.4, 16.6],
			"faces": {
				"north": {"uv": [4.25, 0, 5.1, 0.5], "texture": "#3"},
				"east": {"uv": [0, 0, 0.25, 0.5], "texture": "#3"},
				"south": {"uv": [10.9, 0, 11.75, 0.5], "texture": "#3"},
				"west": {"uv": [15.75, 0, 16, 0.5], "texture": "#3"},
				"up": {"uv": [10.9, 15.75, 11.75, 16], "texture": "#3"},
				"down": {"uv": [10.9, 0, 11.75, 0.25], "texture": "#3"}
			}
		},
		{
			"from": [12.9, 16.25, 15.75],
			"to": [13.75, 16.4, 16.6],
			"faces": {
				"north": {"uv": [2.25, 0, 3.1, 0.5], "texture": "#3"},
				"east": {"uv": [0, 0, 0.25, 0.5], "texture": "#3"},
				"south": {"uv": [12.9, 0, 13.75, 0.5], "texture": "#3"},
				"west": {"uv": [15.75, 0, 16, 0.5], "texture": "#3"},
				"up": {"uv": [12.9, 15.75, 13.75, 16], "texture": "#3"},
				"down": {"uv": [12.9, 0, 13.75, 0.25], "texture": "#3"}
			}
		},
		{
			"from": [14.9, 16.25, 15.75],
			"to": [15.75, 16.4, 16.6],
			"faces": {
				"north": {"uv": [0.25, 0, 1.1, 0.5], "texture": "#3"},
				"east": {"uv": [0, 0, 0.25, 0.5], "texture": "#3"},
				"south": {"uv": [14.9, 0, 15.75, 0.5], "texture": "#3"},
				"west": {"uv": [15.75, 0, 16, 0.5], "texture": "#3"},
				"up": {"uv": [14.9, 15.75, 15.75, 16], "texture": "#3"},
				"down": {"uv": [14.9, 0, 15.75, 0.25], "texture": "#3"}
			}
		},
		{
			"from": [0, 15.25, 2],
			"to": [16, 16, 5.5],
			"faces": {
				"north": {"uv": [0, 0, 16, 0.75], "texture": "#2"},
				"east": {"uv": [10.5, 0, 14, 0.75], "texture": "#2"},
				"south": {"uv": [0, 0, 16, 0.75], "texture": "#2"},
				"west": {"uv": [2, 0, 5.5, 0.75], "texture": "#2"},
				"up": {"uv": [0, 2, 16, 5.5], "texture": "#2"},
				"down": {"uv": [0, 10.5, 16, 14], "texture": "#2"}
			}
		},
		{
			"from": [0, 16, 2.25],
			"to": [16, 16.25, 2.5],
			"faces": {
				"north": {"uv": [0, 4.75, 16, 5], "texture": "#2"},
				"east": {"uv": [13.5, 4.75, 13.75, 5], "texture": "#2"},
				"south": {"uv": [0, 4.75, 16, 5], "texture": "#2"},
				"west": {"uv": [2.25, 4.75, 2.5, 5], "texture": "#2"},
				"up": {"uv": [0, 2.25, 16, 2.5], "texture": "#2"},
				"down": {"uv": [0, 13.5, 16, 13.75], "texture": "#2"}
			}
		},
		{
			"from": [0, 16, 2.75],
			"to": [16, 16.25, 3],
			"faces": {
				"north": {"uv": [0, 4.75, 16, 5], "texture": "#2"},
				"east": {"uv": [13, 4.75, 13.25, 5], "texture": "#2"},
				"south": {"uv": [0, 4.75, 16, 5], "texture": "#2"},
				"west": {"uv": [2.75, 4.75, 3, 5], "texture": "#2"},
				"up": {"uv": [0, 2.75, 16, 3], "texture": "#2"},
				"down": {"uv": [0, 13, 16, 13.25], "texture": "#2"}
			}
		},
		{
			"from": [0, 16, 3.25],
			"to": [16, 16.25, 3.5],
			"faces": {
				"north": {"uv": [0, 4.75, 16, 5], "texture": "#2"},
				"east": {"uv": [12.5, 4.75, 12.75, 5], "texture": "#2"},
				"south": {"uv": [0, 4.75, 16, 5], "texture": "#2"},
				"west": {"uv": [3.25, 4.75, 3.5, 5], "texture": "#2"},
				"up": {"uv": [0, 3.25, 16, 3.5], "texture": "#2"},
				"down": {"uv": [0, 12.5, 16, 12.75], "texture": "#2"}
			}
		},
		{
			"from": [0, 16, 3.75],
			"to": [16, 16.25, 4],
			"faces": {
				"north": {"uv": [0, 4.75, 16, 5], "texture": "#2"},
				"east": {"uv": [12, 4.75, 12.25, 5], "texture": "#2"},
				"south": {"uv": [0, 4.75, 16, 5], "texture": "#2"},
				"west": {"uv": [3.75, 4.75, 4, 5], "texture": "#2"},
				"up": {"uv": [0, 3.75, 16, 4], "texture": "#2"},
				"down": {"uv": [0, 12, 16, 12.25], "texture": "#2"}
			}
		},
		{
			"from": [0, 16, 5.25],
			"to": [16, 16.25, 5.5],
			"faces": {
				"north": {"uv": [0, 4.75, 16, 5], "texture": "#2"},
				"east": {"uv": [10.5, 4.75, 10.75, 5], "texture": "#2"},
				"south": {"uv": [0, 4.75, 16, 5], "texture": "#2"},
				"west": {"uv": [5.25, 4.75, 5.5, 5], "texture": "#2"},
				"up": {"uv": [0, 5.25, 16, 5.5], "texture": "#2"},
				"down": {"uv": [0, 10.5, 16, 10.75], "texture": "#2"}
			}
		},
		{
			"from": [0, 16, 4.75],
			"to": [16, 16.25, 5],
			"faces": {
				"north": {"uv": [0, 4.75, 16, 5], "texture": "#2"},
				"east": {"uv": [11, 4.75, 11.25, 5], "texture": "#2"},
				"south": {"uv": [0, 4.75, 16, 5], "texture": "#2"},
				"west": {"uv": [4.75, 4.75, 5, 5], "texture": "#2"},
				"up": {"uv": [0, 4.75, 16, 5], "texture": "#2"},
				"down": {"uv": [0, 11, 16, 11.25], "texture": "#2"}
			}
		},
		{
			"from": [0, 16, 11.5],
			"to": [16, 16.25, 11.75],
			"faces": {
				"north": {"uv": [0, 4.75, 16, 5], "texture": "#2"},
				"east": {"uv": [4.25, 4.75, 4.5, 5], "texture": "#2"},
				"south": {"uv": [0, 4.75, 16, 5], "texture": "#2"},
				"west": {"uv": [11.5, 4.75, 11.75, 5], "texture": "#2"},
				"up": {"uv": [0, 11.5, 16, 11.75], "texture": "#2"},
				"down": {"uv": [0, 4.25, 16, 4.5], "texture": "#2"}
			}
		},
		{
			"from": [0, 16, 11],
			"to": [16, 16.25, 11.25],
			"faces": {
				"north": {"uv": [0, 4.75, 16, 5], "texture": "#2"},
				"east": {"uv": [4.75, 4.75, 5, 5], "texture": "#2"},
				"south": {"uv": [0, 4.75, 16, 5], "texture": "#2"},
				"west": {"uv": [11, 4.75, 11.25, 5], "texture": "#2"},
				"up": {"uv": [0, 11, 16, 11.25], "texture": "#2"},
				"down": {"uv": [0, 4.75, 16, 5], "texture": "#2"}
			}
		},
		{
			"from": [0, 16, 10.5],
			"to": [16, 16.25, 10.75],
			"faces": {
				"north": {"uv": [0, 4.75, 16, 5], "texture": "#2"},
				"east": {"uv": [5.25, 4.75, 5.5, 5], "texture": "#2"},
				"south": {"uv": [0, 4.75, 16, 5], "texture": "#2"},
				"west": {"uv": [10.5, 4.75, 10.75, 5], "texture": "#2"},
				"up": {"uv": [0, 10.5, 16, 10.75], "texture": "#2"},
				"down": {"uv": [0, 5.25, 16, 5.5], "texture": "#2"}
			}
		},
		{
			"from": [0, 16, 10],
			"to": [16, 16.25, 10.25],
			"faces": {
				"north": {"uv": [0, 4.75, 16, 5], "texture": "#2"},
				"east": {"uv": [5.75, 4.75, 6, 5], "texture": "#2"},
				"south": {"uv": [0, 4.75, 16, 5], "texture": "#2"},
				"west": {"uv": [10, 4.75, 10.25, 5], "texture": "#2"},
				"up": {"uv": [0, 10, 16, 10.25], "texture": "#2"},
				"down": {"uv": [0, 5.75, 16, 6], "texture": "#2"}
			}
		},
		{
			"from": [0, 16, 9.5],
			"to": [16, 16.25, 9.75],
			"faces": {
				"north": {"uv": [0, 4.75, 16, 5], "texture": "#2"},
				"east": {"uv": [6.25, 4.75, 6.5, 5], "texture": "#2"},
				"south": {"uv": [0, 4.75, 16, 5], "texture": "#2"},
				"west": {"uv": [9.5, 4.75, 9.75, 5], "texture": "#2"},
				"up": {"uv": [0, 9.5, 16, 9.75], "texture": "#2"},
				"down": {"uv": [0, 6.25, 16, 6.5], "texture": "#2"}
			}
		},
		{
			"from": [0, 16, 9],
			"to": [16, 16.25, 9.25],
			"faces": {
				"north": {"uv": [0, 4.75, 16, 5], "texture": "#2"},
				"east": {"uv": [6.75, 4.75, 7, 5], "texture": "#2"},
				"south": {"uv": [0, 4.75, 16, 5], "texture": "#2"},
				"west": {"uv": [9, 4.75, 9.25, 5], "texture": "#2"},
				"up": {"uv": [0, 9, 16, 9.25], "texture": "#2"},
				"down": {"uv": [0, 6.75, 16, 7], "texture": "#2"}
			}
		},
		{
			"from": [0, 16, 8.5],
			"to": [16, 16.25, 8.75],
			"faces": {
				"north": {"uv": [0, 4.75, 16, 5], "texture": "#2"},
				"east": {"uv": [7.25, 4.75, 7.5, 5], "texture": "#2"},
				"south": {"uv": [0, 4.75, 16, 5], "texture": "#2"},
				"west": {"uv": [8.5, 4.75, 8.75, 5], "texture": "#2"},
				"up": {"uv": [0, 8.5, 16, 8.75], "texture": "#2"},
				"down": {"uv": [0, 7.25, 16, 7.5], "texture": "#2"}
			}
		},
		{
			"from": [0, 16, 8],
			"to": [16, 16.25, 8.25],
			"faces": {
				"north": {"uv": [0, 4.75, 16, 5], "texture": "#2"},
				"east": {"uv": [7.75, 4.75, 8, 5], "texture": "#2"},
				"south": {"uv": [0, 4.75, 16, 5], "texture": "#2"},
				"west": {"uv": [8, 4.75, 8.25, 5], "texture": "#2"},
				"up": {"uv": [0, 8, 16, 8.25], "texture": "#2"},
				"down": {"uv": [0, 7.75, 16, 8], "texture": "#2"}
			}
		},
		{
			"from": [0, 15.25, 8],
			"to": [16, 16, 16],
			"faces": {
				"north": {"uv": [0, 0, 16, 0.75], "texture": "#2"},
				"east": {"uv": [4.25, 0, 8, 0.75], "texture": "#2"},
				"south": {"uv": [0, 0, 16, 0.75], "texture": "#2"},
				"west": {"uv": [8, 0, 11.75, 0.75], "texture": "#2"},
				"up": {"uv": [0, 8, 16, 11.75], "texture": "#2"},
				"down": {"uv": [0, 4.25, 16, 8], "texture": "#2"}
			}
		}
	],
	"display": {
		"thirdperson_righthand": {
			"scale": [0.56, 0.56, 0.56]
		},
		"gui": {
			"rotation": [51, -133, 0],
			"translation": [0.5, -1, -0.75],
			"scale": [0.55, 0.55, 0.55]
		}
	}
}