{
	"credit": "Made with Blockbench",
	"textures": {
		"particle": "tutorialmod:block/metal",
		"side": "tutorialmod:block/metal"
	},
	"elements": [
		{
			"name": "Bar 1",
			"from": [6, 14.5, 0],
			"to": [6.5, 16, 16],
			"faces": {
				"north": {"uv": [11.5, 0, 12.5, 3], "texture": "#side", "cullface": "north"},
				"east": {"uv": [0, 0, 16, 3], "texture": "#side"},
				"south": {"uv": [3.5, 0, 4.5, 3], "texture": "#side", "cullface": "south"},
				"west": {"uv": [0, 0, 16, 3], "texture": "#side"},
				"up": {"uv": [3.5, 0, 4.5, 16], "texture": "#side"},
				"down": {"uv": [3.5, 0, 4.5, 16], "texture": "#side"}
			}
		},
		{
			"name": "Bar 2",
			"from": [9.5, 14.5, 0],
			"to": [10, 16, 16],
			"faces": {
				"north": {"uv": [3.5, 0, 4.5, 3], "texture": "#side", "cullface": "north"},
				"east": {"uv": [0, 0, 16, 3], "texture": "#side"},
				"south": {"uv": [11.5, 0, 12.5, 3], "texture": "#side", "cullface": "south"},
				"west": {"uv": [0, 0, 16, 3], "texture": "#side"},
				"up": {"uv": [11.5, 0, 12.5, 16], "texture": "#side"},
				"down": {"uv": [11.5, 0, 12.5, 16], "texture": "#side"}
			}
		}
	],
	"display": {
		"thirdperson_righthand": {
			"translation": [0, -1.5, 0],
			"scale": [0.45, 0.45, 0.45]
		},
		"firstperson_righthand": {
			"rotation": [42, 0, 0]
		},
		"firstperson_lefthand": {
			"rotation": [36, -14, 0]
		},
		"gui": {
			"rotation": [27, 30, 1],
			"translation": [0.75, -6, 0]
		}
	},
	"groups": [0, 1,
		{
			"name": "group",
			"origin": [0, 0, 0],
			"color": 0,
			"children": []
		}
	]
}