{
  "multipart": [
    {
      "when": {
        "facing": "north"
      },
      "apply": {
        "model": "tutorialmod:block/exit_sign",
        "y": 180
      }
    },
    {
      "when": {
        "facing": "east"
      },
      "apply": {
        "model": "tutorialmod:block/exit_sign",
        "y": -90
      }
    },
    {
      "when": {
        "facing": "south"
      },
      "apply": {
        "model": "tutorialmod:block/exit_sign"
      }
    },
    {
      "when": {
        "facing": "west"
      },
      "apply": {
        "model": "tutorialmod:block/exit_sign",
        "y": 90
      }
    }
  ]
}