{
  "schemaVersion": 1,
  "id": "modid",
  "version": "${version}",

  "name": "MTR London Underground Addon",
  "description": "A London Underground Addon for the Minecraft Transit Railway Mod",
  "authors": [
    "Me!"
  ],
  "contact": {
    "homepage": "https://fabricmc.net/",
    "sources": "https://github.com/FabricMC/fabric-example-mod"
  },

  "license": "CC0-1.0",
  "icon": "assets/modid/icon.png",

  "environment": "*",
  "entrypoints": {
    "main": [
      "net.goingunderground.Main"
    ],
    "client": [
      "net.goingunderground.MainClient"
    ]
  },
  "mixins": [
    "modid.mixins.json"
  ],

  "depends": {
    "fabricloader": ">=0.7.4",
    "fabric": "*",
    "minecraft": "1.16.x"
  },
  "suggests": {
    "another-mod": "*"
  }
}
